time,pitch
0.0,-0.3196
0.05,-0.3196
0.1,-0.3196
0.15,-0.3196
0.2,-0.3196
0.25,-0.3196
0.3,-0.3196
0.35,-0.3196
0.4,-0.3196
0.45,-0.3196
0.5,-0.3196
0.55,-0.3196
0.6,-0.3196
0.65,-0.3196
0.7,-0.3196
0.75,-0.3196
0.8,-0.3196
0.85,-0.3196
0.9,-0.3196
0.95,-0.3196
1.0,-0.3196
1.05,-0.3196
1.1,-0.3196
1.15,-0.3196
1.2,-0.3196
1.25,-0.3196
1.3,-0.3196
1.35,-0.3196
1.4,-0.3196
1.45,-0.3196
1.5,-0.3196
1.55,-0.3196
1.6,-0.3196
1.65,-0.3196
1.7,-0.3196
1.75,-0.3196
1.8,-0.3196
1.85,-0.3196
1.9,-0.3196
1.95,-0.3196
2.0,-0.3196
2.05,-0.3196
2.1,-0.3196
2.15,-0.3196
2.2,-0.3196
2.25,-0.3196
2.3,-0.3196
2.35,-0.3196
2.4,-0.3196
2.45,-0.3196
2.5,-0.3196
2.55,-0.3196
2.6,-0.3196
2.65,-0.3196
2.7,-0.3196
2.75,-0.3196
2.8,-0.3196
2.85,-0.3196
2.9,-0.3196
2.95,-0.3196
3.0,-0.3196
3.05,-0.3196
3.1,-0.3196
3.15,-0.3196
3.2,-0.3196
3.25,-0.3196
3.3,-0.3196
3.35,-0.3196
3.4,-0.3196
3.45,-0.3196
3.5,-0.3196
3.55,-0.3196
3.6,-0.3196
3.65,-0.3196
3.7,-0.3196
3.75,-0.3196
3.8,-0.3196
3.85,-0.3196
3.9,-0.3196
3.95,-0.3196
4.0,-0.3196
4.05,-0.3196
4.1,-0.3196
4.15,-0.3196
4.2,-0.3196
4.25,-0.3196
4.3,-0.3196
4.35,-0.3196
4.4,-0.3196
4.45,-0.3196
4.5,-0.3196
4.55,-0.3196
4.6,-0.3196
4.65,-0.3196
4.7,-0.3196
4.75,-0.3196
4.8,-0.3196
4.85,-0.3196
4.9,-0.3196
4.95,-0.3196
5.0,-0.3196
5.05,-0.3196
5.1,-0.3196
5.15,-0.3196
5.2,-0.3196
5.25,-0.3196
5.3,-0.3196
5.35,-0.3196
5.4,-0.3196
5.45,-0.3196
5.5,-0.3196
5.55,-0.3196
5.6,-0.3196
5.65,-0.3196
5.7,-0.3196
5.75,-0.3196
5.8,-0.3196
5.85,-0.3196
5.9,-0.3196
5.95,-0.3196
6.0,-0.3196
6.05,-0.3196
6.1,-0.3196
6.15,-0.3196
6.2,-0.3196
6.25,-0.3196
6.3,-0.3196
6.35,-0.3196
6.4,-0.3196
6.45,-0.3196
6.5,-0.3196
6.55,-0.3196
6.6,-0.3196
6.65,-0.3196
6.7,-0.3196
6.75,-0.3196
6.8,-0.3196
6.85,-0.3196
6.9,-0.3196
6.95,-0.3196
7.0,-0.3196
7.05,-0.3196
7.1,-0.3196
7.15,-0.3196
7.2,-0.3196
7.25,-0.3196
7.3,-0.3196
7.35,-0.3196
7.4,-0.3196
7.45,-0.3196
7.5,-0.3196
7.55,-0.3196
7.6,-0.3196
7.65,-0.3196
7.7,-0.3196
7.75,-0.3196
7.8,-0.3196
7.85,-0.3196
7.9,-0.3196
7.95,-0.3196
8.0,-0.3196
8.05,-0.3196
8.1,-0.3196
8.15,-0.3196
8.2,-0.3196
8.25,-0.3196
8.3,-0.3196
8.35,-0.3196
8.4,-0.3196
8.45,-0.3196
8.5,-0.3196
8.55,-0.3196
8.6,-0.3196
8.65,-0.3196
8.7,-0.3196
8.75,-0.3196
8.8,-0.3196
8.85,-0.3196
8.9,-0.3196
8.95,-0.3196
9.0,-0.3196
9.05,-0.3196
9.1,-0.3196
9.15,-0.3196
9.2,-0.3196
9.25,-0.3196
9.3,-0.3196
9.35,-0.3196
9.4,-0.3196
9.45,-0.3196
9.5,-0.3196
9.55,-0.3196
9.6,-0.3196
9.65,-0.3196
9.7,-0.3196
9.75,-0.3196
9.8,-0.3196
9.85,-0.3196
9.9,-0.3196
9.95,-0.3196
10.0,-0.3196
10.05,-0.3196
10.1,-0.3196
10.15,-0.3196
10.2,-0.3196
10.25,-0.3196
10.3,-0.3196
10.35,-0.3196
10.4,-0.3196
10.45,-0.3196
10.5,-0.3196
10.55,-0.3196
10.6,-0.3196
10.65,-0.3196
10.7,-0.3196
10.75,-0.3196
10.8,-0.3196
10.85,-0.3196
10.9,-0.3196
10.95,-0.3196
11.0,-0.3196
11.05,-0.3196
11.1,-0.3196
11.15,-0.3196
11.2,-0.3196
11.25,-0.3196
11.3,-0.3196
11.35,-0.3196
11.4,-0.3196
11.45,-0.3196
11.5,-0.3196
11.55,-0.3196
11.6,-0.3196
11.65,-0.3196
11.7,-0.3196
11.75,-0.3196
11.8,-0.3196
11.85,-0.3196
11.9,-0.3196
11.95,-0.3196
12.0,-0.3196
12.05,-0.3196
12.1,-0.3196
12.15,-0.3196
12.2,-0.3196
12.25,-0.3196
12.3,-0.3196
12.35,-0.3196
12.4,-0.3196
12.45,-0.3196
12.5,-0.3196
12.55,-0.3196
12.6,-0.3196
12.65,-0.3196
12.7,-0.3196
12.75,-0.3196
12.8,-0.3196
12.85,-0.3196
12.9,-0.3196
12.95,-0.3196
13.0,-0.3196
13.05,-0.3196
13.1,-0.3196
13.15,-0.3196
13.2,-0.3196
13.25,-0.3196
13.3,-0.3196
13.35,-0.3196
13.4,-0.3196
13.45,-0.3196
13.5,-0.3196
13.55,-0.3196
13.6,-0.3196
13.65,-0.3196
13.7,-0.3196
13.75,-0.3196
13.8,-0.3196
13.85,-0.3196
13.9,-0.3196
13.95,-0.3196
14.0,-0.3196
14.05,-0.3196
14.1,-0.3196
14.15,-0.3196
14.2,-0.3196
14.25,-0.3196
14.3,-0.3196
14.35,-0.3196
14.4,-0.3196
14.45,-0.3196
14.5,-0.3196
14.55,-0.3196
14.6,-0.3196
14.65,-0.3196
14.7,-0.3196
14.75,-0.3196
14.8,-0.3196
14.85,-0.3196
14.9,-0.3196
14.95,-0.3196
15.0,-0.3196
15.05,-0.3196
15.1,-0.3196
15.15,-0.3196
15.2,-0.3196
15.25,-0.3196
15.3,-0.3196
15.35,-0.3196
15.4,-0.3196
15.45,-0.3196
15.5,-0.3196
15.55,-0.3196
15.6,-0.3196
15.65,-0.3196
15.7,-0.3196
15.75,-0.3196
15.8,-0.3196
15.85,-0.3196
15.9,-0.3196
15.95,-0.3196
16.0,-0.3196
16.05,-0.3196
16.1,-0.3196
16.15,-0.3196
16.2,-0.3196
16.25,-0.3196
16.3,-0.3196
16.35,-0.3196
16.4,-0.3196
16.45,-0.3196
16.5,-0.3196
16.55,-0.3196
16.6,-0.3196
16.65,-0.3196
16.7,-0.3196
16.75,-0.3196
16.8,-0.3196
16.85,-0.3196
16.9,-0.3196
16.95,-0.3196
17.0,-0.3196
17.05,-0.3196
17.1,-0.3196
17.15,-0.3196
17.2,-0.3196
17.25,-0.3196
17.3,-0.3196
17.35,-0.3196
17.4,-0.3196
17.45,-0.3196
17.5,-0.3196
17.55,-0.3196
17.6,-0.3196
17.65,-0.3196
17.7,-0.3196
17.75,-0.3196
17.8,-0.3196
17.85,-0.3196
17.9,-0.3196
17.95,-0.3196
18.0,-0.3196
18.05,-0.3196
18.1,-0.3196
18.15,-0.3196
18.2,-0.3196
18.25,-0.3196
18.3,-0.3196
18.35,-0.3196
18.4,-0.3196
18.45,-0.3196
18.5,-0.3196
18.55,-0.3196
18.6,-0.3196
18.65,-0.3196
18.7,-0.3196
18.75,-0.3196
18.8,-0.3196
18.85,-0.3196
18.9,-0.3196
18.95,-0.3196
19.0,-0.3196
19.05,-0.3196
19.1,-0.3196
19.15,-0.3196
19.2,-0.3196
19.25,-0.3196
19.3,-0.3196
19.35,-0.3196
19.4,-0.3196
19.45,-0.3196
19.5,-0.3196
19.55,-0.3196
19.6,-0.3196
19.65,-0.3196
19.7,-0.3196
19.75,-0.3196
19.8,-0.3196
19.85,-0.3196
19.9,-0.3196
19.95,-0.3196
20.0,-0.3196
20.05,-0.3196
20.1,-0.3196
20.15,-0.3196
20.2,-0.3196
20.25,-0.3196
20.3,-0.3196
20.35,-0.3196
20.4,-0.3196
20.45,-0.3196
20.5,-0.3196
20.55,-0.3196
20.6,-0.3196
20.65,-0.3196
20.7,-0.3196
20.75,-0.3196
20.8,-0.3196
20.85,-0.3196
20.9,-0.3196
20.95,-0.3196
21.0,-0.3196
21.05,-0.3196
21.1,-0.3196
21.15,-0.3196
21.2,-0.3196
21.25,-0.3196
21.3,-0.3196
21.35,-0.3196
21.4,-0.3196
21.45,-0.3196
21.5,-0.3196
21.55,-0.3196
21.6,-0.3196
21.65,-0.3196
21.7,-0.3196
21.75,-0.3196
21.8,-0.3196
21.85,-0.3196
21.9,-0.3196
21.95,-0.3196
22.0,-0.3196
22.05,-0.3196
22.1,-0.3196
22.15,-0.3196
22.2,-0.3196
22.25,-0.3196
22.3,-0.3196
22.35,-0.3196
22.4,-0.3196
22.45,-0.3196
22.5,-0.3196
22.55,-0.3196
22.6,-0.3196
22.65,-0.3196
22.7,-0.3196
22.75,-0.3196
22.8,-0.3196
22.85,-0.3196
22.9,-0.3196
22.95,-0.3196
23.0,-0.3196
23.05,-0.3196
23.1,-0.3196
23.15,-0.3196
23.2,-0.3196
23.25,-0.3196
23.3,-0.3196
23.35,-0.3196
23.4,-0.3196
23.45,-0.3196
23.5,-0.3196
23.55,-0.3196
23.6,-0.3196
23.65,-0.3196
23.7,-0.3196
23.75,-0.3196
23.8,-0.3196
23.85,-0.3196
23.9,-0.3196
23.95,-0.3196
24.0,-0.3196
24.05,-0.3196
24.1,-0.3196
24.15,-0.3196
24.2,-0.3196
24.25,-0.3196
24.3,-0.3196
24.35,-0.3196
24.4,-0.3196
24.45,-0.3196
24.5,-0.3196
24.55,-0.3196
24.6,-0.3196
24.65,-0.3196
24.7,-0.3196
24.75,-0.3196
24.8,-0.3196
24.85,-0.3196
24.9,-0.3196
24.95,-0.3196
25.0,-0.3196
25.05,-0.3196
25.1,-0.3196
25.15,-0.3196
25.2,-0.3196
25.25,-0.3196
25.3,-0.3196
25.35,-0.3196
25.4,-0.3196
25.45,-0.3196
25.5,-0.3196
25.55,-0.3196
25.6,-0.3196
25.65,-0.3196
25.7,-0.3196
25.75,-0.3196
25.8,-0.3196
25.85,-0.3196
25.9,-0.3196
25.95,-0.3196
26.0,-0.3196
26.05,-0.3196
26.1,-0.3196
26.15,-0.3196
26.2,-0.3196
26.25,-0.3196
26.3,-0.3196
26.35,-0.3196
26.4,-0.3196
26.45,-0.3196
26.5,-0.3196
26.55,-0.3196
26.6,-0.3196
26.65,-0.3196
26.7,-0.3196
26.75,-0.3196
26.8,-0.3196
26.85,-0.3196
26.9,-0.3196
26.95,-0.3196
27.0,-0.3196
27.05,-0.3196
27.1,-0.3196
27.15,-0.3196
27.2,-0.3196
27.25,-0.3196
27.3,-0.3196
27.35,-0.3196
27.4,-0.3196
27.45,-0.3196
27.5,-0.3196
27.55,-0.3196
27.6,-0.3196
27.65,-0.3196
27.7,-0.3196
27.75,-0.3196
27.8,-0.3196
27.85,-0.3196
27.9,-0.3196
27.95,-0.3196
28.0,-0.3196
28.05,-0.3196
28.1,-0.3196
28.15,-0.3196
28.2,-0.3196
28.25,-0.3196
28.3,-0.3196
28.35,-0.3196
28.4,-0.3196
28.45,-0.3196
28.5,-0.3196
28.55,-0.3196
28.6,-0.3196
28.65,-0.3196
28.7,-0.3196
28.75,-0.3196
28.8,-0.3196
28.85,-0.3196
28.9,-0.3196
28.95,-0.3196
29.0,-0.3196
29.05,-0.3196
29.1,-0.3196
29.15,-0.3196
29.2,-0.3196
29.25,-0.3196
29.3,-0.3196
29.35,-0.3196
29.4,-0.3196
29.45,-0.3196
29.5,-0.3196
29.55,-0.3196
29.6,-0.3196
29.65,-0.3196
29.7,-0.3196
29.75,-0.3196
29.8,-0.3196
29.85,-0.3196
29.9,-0.3196
29.95,-0.3196
30.0,-0.3196
30.05,-0.3196
30.1,-0.3196
30.15,-0.3196
30.2,-0.3196
30.25,-0.3196
30.3,-0.3196
30.35,-0.3196
30.4,-0.3196
30.45,-0.3196
30.5,-0.3196
30.55,-0.3196
30.6,-0.3196
30.65,-0.3196
30.7,-0.3196
30.75,-0.3196
30.8,-0.3196
30.85,-0.3196
30.9,-0.3196
30.95,-0.3196
31.0,-0.3196
31.05,-0.3196
31.1,-0.3196
31.15,-0.3196
31.2,-0.3196
31.25,-0.3196
31.3,-0.3196
31.35,-0.3196
31.4,-0.3196
31.45,-0.3196
31.5,-0.3196
31.55,-0.3196
31.6,-0.3196
31.65,-0.3196
31.7,-0.3196
31.75,-0.3196
31.8,-0.3196
31.85,-0.3196
31.9,-0.3196
31.95,-0.3196
32.0,-0.3196
32.05,-0.3196
32.1,-0.3196
32.15,-0.3196
32.2,-0.3196
32.25,-0.3196
32.3,-0.3196
32.35,-0.3196
32.4,-0.3196
32.45,-0.3196
32.5,-0.3196
32.55,-0.3196
32.6,-0.3196
32.65,-0.3196
32.7,-0.3196
32.75,-0.3196
32.8,-0.3196
32.85,-0.3196
32.9,-0.3196
32.95,-0.3196
33.0,-0.3196
33.05,-0.3196
33.1,-0.3196
33.15,-0.3196
33.2,-0.3196
33.25,-0.3196
33.3,-0.3196
33.35,-0.3196
33.4,-0.3196
33.45,-0.3196
33.5,-0.3196
33.55,-0.3196
33.6,-0.3196
33.65,-0.3196
33.7,-0.3196
33.75,-0.3196
33.8,-0.3196
33.85,-0.3196
33.9,-0.3196
33.95,-0.3196
34.0,-0.3196
34.05,-0.3196
34.1,-0.3196
34.15,-0.3196
34.2,-0.3196
34.25,-0.3196
34.3,-0.3196
34.35,-0.3196
34.4,-0.2987502054469813
34.45,-0.24169284496048266
34.5,-0.14972672637929044
34.55,-0.030013884975943816
34.6,0.11221659716543009
34.65,0.27671671822072136
34.7,0.4662904449884142
34.75,0.6817331772011873
34.8,0.9174230793515501
34.85,1.1605723879232905
34.9,1.394792792840746
34.95,1.6061310931966732
35.0,1.7881970855973384
35.05,1.943863753399248
35.1,2.083524484780399
35.15,2.2206621078734226
35.2,2.366720462612635
35.25,2.527438634273918
35.3,2.7016556878856646
35.35,2.882803726011298
35.4,3.0621530491290767
35.45,3.232372936656964
35.5,3.38993663037954
35.55,3.5353051923796284
35.6,3.6713585694769297
35.65,3.8012975441354184
35.7,3.927191317418477
35.75,4.049757926203335
35.8,4.168894400420412
35.85,4.284262865935346
35.9,4.395627126459696
35.95,4.502972550288829
36.0,4.606491601443039
36.05,4.706514461098301
36.1,4.803484968172943
36.15,4.897983378351709
36.2,4.990624958982989
36.25,5.081873078602345
36.3,5.17177753577465
36.35,5.259737251390236
36.4,5.344791337766685
36.45,5.42647394269181
36.5,5.505458805778915
36.55,5.583413498032378
36.6,5.6621373540231765
36.65,5.742588007551119
36.7,5.82400183708137
36.75,5.903477651514018
36.8,5.976657428500913
36.85,6.039244490669193
36.9,6.088807154805964
36.95,6.126016401387548
37.0,6.154593902607452
37.05,6.180021525739998
37.1,6.207483535246101
37.15,6.239872903730533
37.2,6.276801308240351
37.25,6.314986274484329
37.3,6.349757234804999
37.35,6.377031166578562
37.4,6.39491968102654
37.45,6.404350676401733
37.5,6.408431026974518
37.55,6.410991585636674
37.6,6.414942029752881
37.65,6.4210025182074935
37.7,6.427604950793509
37.75,6.4319572724921965
37.8,6.431494742219576
37.85,6.424992012711484
37.9,6.413090843849965
37.95,6.398061304761396
38.0,6.382939286138041
38.05,6.370536347493919
38.1,6.36252168626994
38.15,6.35877716238921
38.2,6.35734107721059
38.25,6.355027328753318
38.3,6.348600965955234
38.35,6.336187633343137
38.4,6.31817331546774
38.45,6.297054378370004
38.5,6.276324130128038
38.55,6.25897667231604
38.6,6.246257757245426
38.65,6.237262600415336
38.7,6.229391732930165
38.75,6.219307532885722
38.8,6.204197484867676
38.85,6.182758905022529
38.9,6.155662071221618
38.95,6.125410013405528
39.0,6.095531387589129
39.05,6.069388765688658
39.1,6.048989123985974
39.15,6.034258872240892
39.2,6.023161425709075
39.25,6.012618177698966
39.3,5.999730047685964
39.35,5.982728141867767
39.4,5.961199444291567
39.45,5.9357214033680625
39.5,5.907352895707027
39.55,5.877209640558949
39.6,5.846241278291867
39.65,5.815216071153452
39.7,5.784811108037087
39.75,5.755633871271233
39.8,5.728075399226134
39.85,5.702087091605429
39.9,5.677047291287207
39.95,5.651925164424271
40.0,5.625739806157977
40.05,5.598005828268698
40.1,5.568981381264844
40.15,5.539564403809661
40.2,5.51082079044955
40.25,5.483598208795115
40.3,5.458383656810115
40.35,5.435297978680416
40.4,5.414180919269075
40.45,5.394736147743452
40.5,5.376751482062433
40.55,5.360127033168049
40.6,5.344718719573741
40.65,5.330228587939713
40.7,5.316236692041086
40.75,5.3023546694363475
40.8,5.28835937082609
40.85,5.2742700783256975
40.9,5.260254891599749
40.95,5.246549141408394
41.0,5.233580840512061
41.05,5.221976655274611
41.1,5.212198496564416
41.15,5.204147107096916
41.2,5.1970742636458445
41.25,5.189850472465194
41.3,5.18148785569662
41.35,5.171572526127788
41.4,5.160333398664406
41.45,5.148324077147046
41.5,5.135931173730014
41.55,5.122993542210695
41.6,5.108795483634081
41.65,5.092593056417892
41.7,5.074369416101059
41.75,5.055253900788313
41.8,5.037259109729908
41.85,5.022430720536646
41.9,5.011769481591828
41.95,5.004608120080869
42.0,4.998776881270437
42.05,4.991361626259321
42.1,4.9797909814952765
42.15,4.962889956462786
42.2,4.941569969625867
42.25,4.918673164468681
42.3,4.897980535110889
42.35,4.88278405259505
42.4,4.874611381315429
42.45,4.87278268057598
42.5,4.8749911233730465
42.55,4.878562099721698
42.6,4.8817007954301
42.65,4.8840570655170605
42.7,4.886427184342335
42.75,4.889990084913026
42.8,4.895642376294361
42.85,4.90357623668588
42.9,4.9130883978852316
42.95,4.922814890148921
43.0,4.931292931107979
43.05,4.937575025242391
43.1,4.941557034162711
43.15,4.943808000294138
43.2,4.94512493352601
43.25,4.946329221050216
43.3,4.9482856152494685
43.35,4.951693774089474
43.4,4.956669277851268
43.45,4.962506263664941
43.5,4.967797906630579
43.55,4.970860778420754
43.6,4.970315758007563
43.65,4.96551209791467
43.7,4.956743249609136
43.75,4.94525809929801
43.8,4.932914104927342
43.85,4.921658753254582
43.9,4.91299326810297
43.95,4.907474138806699
44.0,4.904469941535846
44.05,4.902301607699462
44.1,4.898836323500919
44.15,4.892371337710812
44.2,4.882439702068604
44.25,4.87011619747908
44.3,4.857687628163249
44.35,4.847884910620973
44.4,4.842926951444531
44.45,4.843752444851429
44.5,4.849753296423081
44.55,4.859060196821919
44.6,4.869249608944051
44.65,4.878124897169401
44.7,4.884294372041099
44.75,4.887592915684983
44.8,4.889244133977044
44.85,4.891410345804966
44.9,4.8963529390060545
44.95,4.905374158179282
45.0,4.917854926215465
45.05,4.9312178822856225
45.1,4.941849181044466
45.15,4.94673308751568
45.2,4.945112783683598
45.25,4.939026237953236
45.3,4.932384405492579
45.35,4.929277635392377
45.4,4.932332123496059
45.45,4.941767051939865
45.5,4.955521268922124
45.55,4.970238381005236
45.6,4.9826557692433235
45.65,4.990680853877327
45.7,4.993640711550274
45.75,4.991867088945013
45.8,4.9862467274516415
45.85,4.977882935106884
45.9,4.9679056492118425
45.95,4.957554654166286
46.0,4.9481514609712365
46.05,4.940810128227465
46.1,4.9360544926073295
46.15,4.933512850612515
46.2,4.9319564636929565
46.25,4.929779925101605
46.3,4.925634267509485
46.35,4.918997196915725
46.4,4.910477662814567
46.45,4.901687271436133
46.5,4.894689098625076
46.55,4.8910580143881734
46.6,4.891031921992247
46.65,4.893356540013671
46.7,4.895927201927961
46.75,4.896780411342777
46.8,4.894894255884762
46.85,4.8905404826577525
46.9,4.88511257524086
46.95,4.880430436889812
47.0,4.877823275356876
47.05,4.87745250266882
47.1,4.878157036367507
47.15,4.877934764649998
47.2,4.8747773255660425
47.25,4.86766051589239
47.3,4.857287079991279
47.35,4.845925547860783
47.4,4.836528753535749
47.45,4.831768371188743
47.5,4.83320886149878
47.55,4.840584615491446
47.6,4.851496029009935
47.65,4.862029061810198
47.7,4.868252062469486
47.75,4.867825095647938
47.8,4.860919028697203
47.85,4.8499877247288605
47.9,4.8385894302304315
47.95,4.829936861770988
48.0,4.825713366331354
48.05,4.825579581266824
48.1,4.82766387375088
48.15,4.829651315783263
48.2,4.829761434142604
48.25,4.827338552642108
48.3,4.822844489004678
48.35,4.817325169683774
48.4,4.811799677005394
48.45,4.806961518633105
48.5,4.803192098840841
48.55,4.8007286919927985
48.6,4.7998599708708465
48.65,4.800870038356503
48.7,4.803837466293165
48.75,4.808538239640107
48.8,4.8144698412213165
48.85,4.820840081362882
48.9,4.826500652019062
48.95,4.830107336858094
49.0,4.830608898959628
49.05,4.827681423070959
49.1,4.821737820745025
49.15,4.813812224001192
49.2,4.805406477301573
49.25,4.798162736520284
49.3,4.793459190315468
49.35,4.791947157799311
49.4,4.79325737330133
49.45,4.795900926198025
49.5,4.7977045411859685
49.55,4.796932568325673
49.6,4.793251689101468
49.65,4.78759604487468
49.7,4.781142890803645
49.75,4.774392714029321
49.8,4.766867126402385
49.85,4.757600413619942
49.9,4.745955447642859
49.95,4.732026835809411
50.0,4.716610733384873
50.05,4.700917250630678
50.1,4.686112262389528
50.15,4.672901917964946
50.2,4.661224525897176
50.25,4.650244529298615
50.3,4.638768459518173
50.35,4.625932971162151
50.4,4.611706069753751
50.45,4.596906421609984
50.5,4.582894088837479
50.55,4.5710916682636995
50.6,4.562592323404485
50.65,4.5579281425053075
50.7,4.556934975717267
50.75,4.558943851451613
50.8,4.563159266652388
50.85,4.5688995515388635
50.9,4.575603158517618
50.95,4.58266610392628
51.0,4.589478497376583
51.05,4.595697561906472
51.1,4.601388862303405
51.15,4.606770641264829
51.2,4.611751745884463
51.25,4.616024638629352
51.3,4.619595953397074
51.35,4.622989425240324
51.4,4.626932919185154
51.45,4.63177223090951
51.5,4.637133863788004
51.55,4.64208435216941
51.6,4.645647661377571
51.65,4.647417653228732
51.7,4.647893883157598
51.75,4.64811448816575
51.8,4.648825456496439
51.85,4.649829865375101
51.9,4.649932024994829
51.95,4.64765683551157
52.0,4.642215118456006
52.05,4.6338868880704185
52.1,4.62375025562628
52.15,4.613117218876751
52.2,4.602989486559351
52.25,4.593780421985717
52.3,4.585325788377527
52.35,4.577154422102007
52.4,4.568814930785851
52.45,4.560059694642535
52.5,4.5508493116464015
52.55,4.541211774755978
52.6,4.531171392525852
52.65,4.5208620980173215
52.7,4.510661374507503
52.75,4.501185484085784
52.8,4.493137567191827
52.85,4.487134501471881
52.9,4.483456349236123
52.95,4.481808698065418
53.0,4.481428297400823
53.05,4.481503727715816
53.1,4.481659245131096
53.15,4.482088577001204
53.2,4.483251611715451
53.25,4.485355631179464
53.3,4.487985103093307
53.35,4.4903068269732715
53.4,4.491606920397766
53.45,4.491617165872772
53.5,4.490577944527956
53.55,4.489172080204234
53.6,4.488398095887966
53.65,4.4892368777207015
53.7,4.492087727819392
53.75,4.496397931988591
53.8,4.500785492131213
53.85,4.503623121681475
53.9,4.503788137542994
53.95,4.501056081352688
54.0,4.495991977813875
54.05,4.489783235708215
54.1,4.4840406720660715
54.15,4.480297702200407
54.2,4.47933224091834
54.25,4.480768435457293
54.3,4.483241588524051
54.35,4.484871611732833
54.4,4.484044053607546
54.45,4.4801846433282435
54.5,4.474080526671966
54.55,4.467558171811887
54.6,4.462558819418641
54.65,4.460104960246432
54.7,4.459740292796423
54.75,4.459957159796719
54.8,4.45914083725099
54.85,4.45635655233584
54.9,4.451609129306553
54.95,4.445582802946459
55.0,4.439250920651634
55.05,4.433489754689368
55.1,4.4289514400340915
55.15,4.426138155206872
55.2,4.425250691868928
55.25,4.426054059259596
55.3,4.428059180379178
55.35,4.430648210568039
55.4,4.433097997350736
55.45,4.434843116416502
55.5,4.4358252997783225
55.55,4.4366575593918745
55.6,4.438459097693104
55.65,4.4422509129469
55.7,4.448333848528592
55.75,4.456053662298262
55.8,4.4640643513084335
55.85,4.471023824620734
55.9,4.476214705537389
55.95,4.4798097336035685
56.0,4.482686131572432
56.05,4.485987271909523
56.1,4.490787156880591
56.15,4.497822617027659
56.2,4.507144641533271
56.25,4.5178231553859405
56.3,4.527977154003157
56.35,4.5354194220756066
56.4,4.538675723427021
56.45,4.53763860647907
56.5,4.533654441466906
56.55,4.528854771315301
56.6,4.525146101108671
56.65,4.523271538820531
56.7,4.522332409496281
56.75,4.520133385538731
56.8,4.514163851722721
56.85,4.502877907204476
56.9,4.486434434421791
56.95,4.46649189114373
57.0,4.445298433703333
57.05,4.424621209728904
57.1,4.405151599783681
57.15,4.386549728249204
57.2,4.368181694830279
57.25,4.350069031043089
57.3,4.333142679200474
57.35,4.318725897058126
57.4,4.30774583243258
57.45,4.300080516964893
57.5,4.294494554703753
57.55,4.289436582406948
57.6,4.283968786682514
57.65,4.278094182462216
57.7,4.272543847014803
57.75,4.268217732386947
57.8,4.26569681237512
57.85,4.2653059731708405
57.9,4.267385133494516
57.95,4.272294802543344
58.0,4.280159143290868
58.05,4.290626694863781
58.1,4.302890142956615
58.15,4.31605028652737
58.2,4.329575854754607
58.25,4.343477495862206
58.3,4.358246299963251
58.35,4.374474893647718
58.4,4.392297765925759
58.45,4.411201410006943
58.5,4.430414778456081
58.55,4.449259982317106
58.6,4.467127190727761
58.65,4.483397524820118
58.7,4.497479910498434
58.75,4.5090089552924555
58.8,4.518059385149116
58.85,4.5250395042536224
58.9,4.530246581086152
58.95,4.533415731107592
59.0,4.53351930009232
59.05,4.529029583657568
59.1,4.518664029602958
59.15,4.5021773749825345
59.2,4.480825141263067
59.25,4.457056963458435
59.3,4.433746776281167
59.35,4.4134141426942355
59.4,4.397434378591013
59.45,4.385673064594718
59.5,4.376635849680902
59.55,4.368026343011804
59.6,4.357574975473672
59.65,4.343812133159624
59.7,4.326553985292369
59.75,4.306976644875143
59.8,4.287162387982589
59.85,4.269167375508677
59.9,4.2541515900501405
59.95,4.242191839435219
60.0,4.232647390303893
60.05,4.224814321184356
60.1,4.2184986903080945
60.15,4.214077822230695
60.2,4.21219483747924
60.25,4.213436474227512
60.3,4.218002705756084
60.35,4.225432475488205
60.4,4.234688606150238
60.45,4.244501574876776
60.5,4.253764599192833
60.55,4.261927075474311
60.6,4.26919671567272
60.65,4.2763958916046
60.7,4.284610112896246
60.75,4.294746510417113
60.8,4.306957540798464
60.85,4.3201986783881114
60.9,4.332281133619375
60.95,4.3405697451081
61.0,4.343156028754388
61.05,4.339703857607413
61.1,4.3314109064558375
61.15,4.320253157808415
61.2,4.308192100128612
61.25,4.296725026852941
61.3,4.286648469142143
61.35,4.278003557584799
61.4,4.270153585464641
61.45,4.262024538392154
61.5,4.252397494330643
61.55,4.240030623803809
61.6,4.223845936924749
61.65,4.20331972362347
61.7,4.178925377144525
61.75,4.152331784969175
61.8,4.12602264134934
61.85,4.1025180454247225
61.9,4.083556834705022
61.95,4.0696005430351905
62.0,4.059909230252411
62.05,4.052995089634433
62.1,4.047203859146614
62.15,4.041439351430506
62.2,4.035671662165523
62.25,4.03092077179492
62.3,4.028935046291925
62.35,4.031629175334649
62.4,4.040426480301476
62.45,4.055678536664784
62.5,4.076248450138338
62.55,4.099556461295876
62.6,4.122479991696674
62.65,4.142872398769488
62.7,4.160556454197665
62.75,4.177122491453673
62.8,4.194827653987395
62.85,4.215201574463143
62.9,4.238027060714828
62.95,4.26124373077534
63.0,4.281728139854622
63.05,4.296656633136421
63.1,4.3048811312649065
63.15,4.30748880748983
63.2,4.307153442793042
63.25,4.306597308723708
63.3,4.3073277361293165
63.35,4.309198423155873
63.4,4.310664412159573
63.45,4.309517033973894
63.5,4.303710396204704
63.55,4.2921336336490095
63.6,4.275285954795641
63.65,4.255283783202779
63.7,4.235136729135455
63.75,4.217781592871545
63.8,4.204719551232237
63.85,4.1950528873195
63.9,4.185862969789042
63.95,4.173710676975051
64.0,4.156449520942575
64.05,4.134377478108233
64.1,4.110094164772816
64.15,4.087149397712352
64.2,4.068561364823177
64.25,4.056002279205766
64.3,4.049631245466943
64.35,4.048465244214202
64.4,4.051018688405961
64.45,4.055910750288983
64.5,4.06242403121875
64.55,4.070749588788028
64.6,4.081584539086329
64.65,4.095276693834671
64.7,4.111180115010296
64.75,4.127779075335659
64.8,4.14342066749868
64.85,4.157119076927046
64.9,4.169032551031514
64.95,4.180316911444389
65.0,4.192330542924958
65.05,4.205782788805923
65.1,4.2202207404652325
65.15,4.23400323505274
65.2,4.244823645622213
65.25,4.250538177203174
65.3,4.249902042575709
65.35,4.242972803107654
65.4,4.231258976168804
65.45,4.217318176053783
65.5,4.2038106760236085
65.55,4.192454045965799
65.6,4.18345639204867
65.65,4.175693665331103
65.7,4.1672936517974195
65.75,4.156283628972551
65.8,4.141271863871036
65.85,4.122037871093138
65.9,4.099612717481041
65.95,4.075855010576972
66.0,4.052807434295949
66.05,4.03200531256263
66.1,4.014053367544972
66.15,3.998723881434521
66.2,3.985284032686845
66.25,3.9727858057893726
66.3,3.96042958240319
66.35,3.9478882206667394
66.4,3.9354919326030546
66.45,3.924252966818295
66.5,3.9156820035442297
66.55,3.9115064490321427
66.6,3.9133298261870966
66.65,3.9220126293751836
66.7,3.9368733550745327
66.75,3.9552437361265547
66.8,3.9730053857997496
66.85,3.9861797921450823
66.9,3.9926798281596176
66.95,3.99324554873992
67.0,3.991218738924349
67.05,3.991086720891457
67.1,3.9963323835147153
67.15,4.007686153396504
67.2,4.022621522795145
67.25,4.036451810023057
67.3,4.044378328744359
67.35,4.0435307333265875
67.4,4.034195739135782
67.45,4.0196714826071025
67.5,4.004802969222333
67.55,3.99389961031996
67.6,3.9889066360289056
67.65,3.9886609321611948
67.7,3.9897404796146376
67.75,3.988372194273906
67.8,3.9822783732166833
67.85,3.971493012117285
67.9,3.9580212832709076
67.95,3.94475480393328
68.0,3.9341032348157845
68.05,3.926959813411931
68.1,3.9224808733549703
68.15,3.9187030282962776
68.2,3.9135785981995257
68.25,3.9060415093433396
68.3,3.896513660510142
68.35,3.886704890100628
68.4,3.878961510580739
68.45,3.8751416139591943
68.5,3.875668411674049
68.55,3.8795007734153977
68.6,3.884855521623252
68.65,3.8901851467068678
68.7,3.8948373331302055
68.75,3.899092964277915
68.8,3.903826471312732
68.85,3.909964054107295
68.9,3.9180410137185744
68.95,3.9282588640600866
69.0,3.940578703136684
69.05,3.95445022833723
69.1,3.9686600802107574
69.15,3.981632640981158
69.2,3.9920465664064104
69.25,3.999315293572242
69.3,4.00356341165039
69.35,4.005260505351112
69.4,4.004802314925228
69.45,4.002368635884459
69.5,3.998303544102911
69.55,3.9935198667164102
69.6,3.9894439155808845
69.65,3.9875878645199982
69.7,3.98899328504274
69.75,3.9937893213771334
69.8,4.001000723236321
69.85,4.0087805618757795
69.9,4.014882637530363
69.95,4.017295883381168
70.0,4.015218681495497
70.05,4.009730068660891
70.1,4.003469300457348
70.15,3.9995348351335553
70.2,4.000317049148723
70.25,4.006723793153068
70.3,4.017951149095951
70.35,4.031825863122042
70.4,4.045620310791707
70.45,4.057242810636325
70.5,4.0661901013182895
70.55,4.073541742209863
70.6,4.081186242861705
70.65,4.090912844061627
70.7,4.103639508266933
70.75,4.1190357741669965
70.8,4.135705819569565
70.85,4.15178925985247
70.9,4.165821572058942
70.95,4.17754182434402
71.0,4.188157236643468
71.05,4.199827753936937
71.1,4.214318400097018
71.15,4.231464444920647
71.2,4.248626152147003
71.25,4.261646327632228
71.3,4.266755717364727
71.35,4.262210400972779
71.4,4.24887820672102
71.45,4.229665802128029
71.5,4.208213752479961
71.55,4.187623769915671
71.6,4.1697468903805195
71.65,4.154975961052676
71.7,4.1424442751729105
71.75,4.130669285721066
71.8,4.118382952402303
71.85,4.104979654156226
71.9,4.09052890497779
71.95,4.0755749201091955
72.0,4.060806387402453
72.05,4.046868615369662
72.1,4.034598615551696
72.15,4.024976824845431
72.2,4.018525977151548
72.25,4.014881762492286
72.3,4.012828993699414
72.35,4.010808865842921
72.4,4.0075186754400836
72.45,4.002392100905244
72.5,3.996011647678345
72.55,3.990031932284335
72.6,3.9863273017136804
72.65,3.9859166044160923
72.7,3.9884582913252
72.75,3.992497953281984
72.8,3.99619111939776
72.85,3.9980555493382224
72.9,3.997348886734181
72.95,3.994093247263796
73.0,3.9889723305898315
73.05,3.9832496982929095
73.1,3.978495297923222
73.15,3.975964642244984
73.2,3.975906663657332
73.25,3.9772858639444832
73.3,3.9781669673748885
73.35,3.9765659880594617
73.4,3.97118880797661
73.45,3.9617304122206676
73.5,3.948822981185699
73.55,3.9336968529780516
73.6,3.917782888677041
73.65,3.902357827116684
73.7,3.8882328726133446
73.75,3.8755052622721444
73.8,3.8635582579178216
73.85,3.8514539766161286
73.9,3.838528045461344
73.95,3.8248560266126947
74.0,3.8112863789589437
74.05,3.799013264730075
74.1,3.7888514580895474
74.15,3.780643480448323
74.2,3.7733549226882865
74.25,3.765644265120965
74.3,3.7563926052220866
74.35,3.7451165703177134
74.4,3.7322054247615797
74.45,3.7187535168095143
74.5,3.7060087521540557
74.55,3.6948319674142636
74.6,3.6855884730528023
74.65,3.6783091663059566
74.7,3.672725822119751
74.75,3.668358185586488
74.8,3.664682626585368
74.85,3.6612276104497665
74.9,3.657683728302214
74.95,3.65394940165439
75.0,3.64998392196143
75.05,3.645621263496593
75.1,3.640653838538055
75.15,3.635190489326306
75.2,3.6298324433927256
75.25,3.6254649252728255
75.3,3.622960967759987
75.35,3.622947946802363
75.4,3.625538276794338
75.45,3.630058953685019
75.5,3.634868905226953
75.55,3.637574050058571
75.6,3.6357908949920064
75.65,3.6282010577410557
75.7,3.615408072584205
75.75,3.5998290357142864
75.8,3.5844686948825544
75.85,3.571571124304116
75.9,3.561986933941493
75.95,3.5553494784597484
76.0,3.5507078708804465
76.05,3.546764231540328
76.1,3.5416873220359304
76.15,3.533366066393446
76.2,3.5203618040784943
76.25,3.5028072409062587
76.3,3.4825734444482705
76.35,3.462490486603339
76.4,3.4449639488410777
76.45,3.4308955734038418
76.5,3.419497515020947
76.55,3.408947978170786
76.6,3.397498476125297
76.65,3.384544515689609
76.7,3.3711517252155963
76.75,3.359613267139749
76.8,3.3522148325196914
76.85,3.3499940147325997
76.9,3.35215264027041
76.95,3.3564139703274165
77.0,3.3601290317516472
77.05,3.361620263012365
77.1,3.36096699529553
77.15,3.3596681025749295
77.2,3.359658084034991
77.25,3.362407257151187
77.3,3.3684010825647106
77.35,3.3769092480691802
77.4,3.3862452227975743
77.45,3.3945512893776013
77.5,3.4006265502219732
77.55,3.4043736381852083
77.6,3.4063439044796557
77.65,3.4068290910051244
77.7,3.405454231287085
77.75,3.401357865446743
77.8,3.393748290861147
77.85,3.382372507108214
77.9,3.3674783015850975
77.95,3.3497623432663
78.0,3.33041798161953
78.05,3.3108511100842635
78.1,3.292069013363124
78.15,3.274113400545608
78.2,3.2559707943064575
78.25,3.2362905716685635
78.3,3.2144630275206554
78.35,3.1911046054078445
78.4,3.1677301084797946
78.45,3.146045716504231
78.5,3.127342755703279
78.55,3.112101971577794
78.6,3.100189149657049
78.65,3.090872816290133
78.7,3.082565506586131
78.75,3.073369035134579
78.8,3.0621271960775722
78.85,3.0492427672729185
78.9,3.0367558900384704
78.95,3.0275875697943593
79.0,3.0243717098177476
79.05,3.0284442364642485
79.1,3.03938751094613
79.15,3.055228750530528
79.2,3.0730304944970523
79.25,3.0897168390268157
79.3,3.102961436571231
79.35,3.1118316280450857
79.4,3.116838294377436
79.45,3.1193693524666286
79.5,3.121006545861289
79.55,3.1230372068275623
79.6,3.1260672990525036
79.65,3.129751168496486
79.7,3.132820597019189
79.75,3.1334936176220345
79.8,3.130087101948227
79.85,3.121495689326407
79.9,3.107471578364256
79.95,3.0886426378310485
80.0,3.066310481022281
80.05,3.0421674308504203
80.1,3.017908768605045
80.15,2.994833357724885
80.2,2.9736133305286505
80.25,2.9542858769506104
80.3,2.9363340993591316
80.35,2.9190099449637894
80.4,2.9018429879140353
80.45,2.884858910712219
80.5,2.8684279614022743
80.55,2.8531646572755496
80.6,2.840003268306316
80.65,2.8301088589568493
80.7,2.824772977362962
80.75,2.8247718434332283
80.8,2.8294204688841957
80.85,2.8365781988980907
80.9,2.843548165797363
80.95,2.848191081268957
81.0,2.849715537580386
81.05,2.848828579767788
81.1,2.8471889158897223
81.15,2.8465842699727864
81.2,2.848374351885676
81.25,2.8533346257527383
81.3,2.861626814942018
81.35,2.8726042943376147
81.4,2.8847801596309868
81.45,2.896294127619842
81.5,2.9054829290206814
81.55,2.9112694245367794
81.6,2.9130656085741102
81.65,2.9103765808235167
81.7,2.902758209256084
81.75,2.8900486044065796
81.8,2.872743138867887
81.85,2.852339350348451
81.9,2.8311927351291204
81.95,2.81179767296353
82.0,2.7957535009195733
82.05,2.7829855067232994
82.1,2.7719089609607184
82.15,2.7601768252094234
82.2,2.745597036688985
82.25,2.7270365636396177
82.3,2.704915953029307
82.35,2.6813128163557356
82.4,2.6593869681764746
82.45,2.642060073942513
82.5,2.630868226464015
82.55,2.625594471605224
82.6,2.6246848641509537
82.65,2.626143170773918
82.7,2.628469699542028
82.75,2.6313056431058626
82.8,2.635551360026535
82.85,2.642551457059182
82.9,2.6527399022573888
82.95,2.664845131967727
83.0,2.676259206680498
83.05,2.6842476468101104
83.1,2.6870876258899843
83.15,2.6848036802647846
83.2,2.6793355171816478
83.25,2.673984359304957
83.3,2.672346668810721
83.35,2.676834743720969
83.4,2.687227450554227
83.45,2.7002599668047664
83.5,2.7108783195535406
83.55,2.714502510331213
83.6,2.7088804404189823
83.65,2.694734298481483
83.7,2.675010307936326
83.75,2.6534016960584856
83.8,2.63304654270364
83.85,2.6156091344576873
83.9,2.6008644791008577
83.95,2.586962881709222
84.0,2.5712384146866634
84.05,2.551309483146116
84.1,2.526100142130133
84.15,2.4963236731975558
84.2,2.4643085655992047
84.25,2.4330165619750352
84.3,2.404839357618791
84.35,2.381090312011183
84.4,2.3623055327269644
84.45,2.348628649338941
84.5,2.3397925951687997
84.55,2.334890103636885
84.6,2.33244492382443
84.65,2.331114242025446
84.7,2.3306031369597995
84.75,2.3317636354210522
84.8,2.335749718298045
84.85,2.3432712008550216
84.9,2.3543226061343976
84.95,2.368360144053999
85.0,2.3845871901555644
85.05,2.402033910559885
85.1,2.4196467735498417
85.15,2.4363131539179808
85.2,2.4508960538146005
85.25,2.4624477020647806
85.3,2.4704224572625106
85.35,2.4747381242771542
85.4,2.475698970833878
85.45,2.4738671256438494
85.5,2.469873019071874
85.55,2.464270929152664
85.6,2.4575504348405968
85.65,2.450074589080968
85.7,2.4417356953417646
85.75,2.4318808281950353
85.8,2.419790344204129
85.85,2.4052217350104184
85.9,2.3886320028548336
85.95,2.370865361379037
86.0,2.352377881777424
86.05,2.332777784617393
86.1,2.3109584277723236
86.15,2.2855542148273127
86.2,2.25570659171216
86.25,2.2217938125352035
86.3,2.185680355179598
86.35,2.1504409538260396
86.4,2.1195305441822825
86.45,2.095628577631286
86.5,2.0797289121833473
86.55,2.0707616458227536
86.6,2.066005386276263
86.65,2.0621235674075025
86.7,2.05631319035894
86.75,2.0472967794601025
86.8,2.0356860658471927
86.85,2.023630869364607
86.9,2.014176449840778
86.95,2.010496059113564
87.0,2.015177600045822
87.05,2.0294309996269586
87.1,2.052415707840163
87.15,2.081303384406327
87.2,2.111889346835042
87.25,2.1394918113124626
87.3,2.1601130131609683
87.35,2.1717245876405635
87.4,2.1750262992158045
87.45,2.1729148159066143
87.5,2.1689908915218723
87.55,2.1659246796885627
87.6,2.164438896117807
87.65,2.1634509422511536
87.7,2.161229906600009
87.75,2.156655245264041
87.8,2.149561623094127
87.85,2.140364568086397
87.9,2.129528158546396
87.95,2.1171606715785707
88.0,2.103005290042074
88.05,2.0867131196878685
88.1,2.0682380958012105
88.15,2.0482359642386627
88.2,2.028198128469578
88.25,2.0098342066970476
88.3,1.9940603385528761
88.35,1.9806065213760131
88.4,1.9684821129481613
88.45,1.9566376976631474
88.5,1.9442378059186227
88.55,1.9306251997061383
88.6,1.9153888408165127
88.65,1.8988118440588848
88.7,1.8822390634935442
88.75,1.8676700498491787
88.8,1.856510228961709
88.85,1.8486400115666495
88.9,1.8426471547540313
88.95,1.8370380729195248
89.0,1.8315521714815541
89.05,1.8274959468820196
89.1,1.8269506663835795
89.15,1.8314278241863557
89.2,1.8407518018086908
89.25,1.8529610041417124
89.3,1.86515657162167
89.35,1.8744746770167073
89.4,1.878937745829163
89.45,1.8782005991407902
89.5,1.873847794875001
89.55,1.868944495829865
89.6,1.8667615943754687
89.65,1.8692274309860197
89.7,1.876064820395381
89.75,1.8850130129623865
89.8,1.8929691293920123
89.85,1.897377008572568
89.9,1.8971090883972976
89.95,1.8924710561419094
90.0,1.8846837704055104
90.05,1.875178826901333
90.1,1.8649754733233908
90.15,1.8546156287650206
90.2,1.8444153069166052
90.25,1.8346280443115666
90.3,1.8253253535762934
90.35,1.8159708966640964
90.4,1.8051880605841821
90.45,1.7913102073289704
90.5,1.77355098368804
90.55,1.7525981508972508
90.6,1.7301029332280016
90.65,1.7076625950347377
90.7,1.6860783446296919
90.75,1.6654094501588115
90.8,1.6454774962721557
90.85,1.6260375777539116
90.9,1.606533189628831
90.95,1.5860938778494267
91.0,1.5639923639919264
91.05,1.5406346766178942
91.1,1.5182410419345953
91.15,1.5000859992474165
91.2,1.4889670532217727
91.25,1.485921332386149
91.3,1.489646920853809
91.35,1.4971067811907859
91.4,1.504790750135599
91.45,1.5096828767250872
91.5,1.5098154688296213
91.55,1.5047852103141557
91.6,1.4961512591791672
91.65,1.487298511157644
91.7,1.4825971837926923
91.75,1.485652696864191
91.8,1.4974429045913196
91.85,1.5157426427615317
91.9,1.5361246257396213
91.95,1.5541199873952953
92.0,1.567483175967925
92.05,1.5770132779114416
92.1,1.5852984463378208
92.15,1.5943563768927187
92.2,1.6040661635819915
92.25,1.612379041216082
92.3,1.6167242081868896
92.35,1.6154574873039613
92.4,1.608499550208958
92.45,1.5971766538061658
92.5,1.5835931220605926
92.55,1.570026638578753
92.6,1.5582847521287486
92.65,1.5487754423304663
92.7,1.540043905116639
92.75,1.529289731329286
92.8,1.513512693885143
92.85,1.4906931667820755
92.9,1.460475247136939
92.95,1.4243026460388337
93.0,1.3852888963908134
93.05,1.3477319351183528
93.1,1.3159357956174933
93.15,1.2927865977648425
93.2,1.2787672913970483
93.25,1.2717216300701637
93.3,1.2675873301415506
93.35,1.262066072364714
93.4,1.2527511504799067
93.45,1.2406466798082667
93.5,1.2298472115158035
93.55,1.2251469759956504
93.6,1.22906240955552
93.65,1.24058739545352
93.7,1.2563584447318559
93.75,1.2729229914670486
93.8,1.2885904061391737
93.85,1.3036420113213618
93.9,1.3191989297807116
93.95,1.3360166201625194
94.0,1.353793626158537
94.05,1.3712245201095434
94.1,1.3866840153477926
94.15,1.3992142700973371
94.2,1.4088463268528055
94.25,1.4159470193810009
94.3,1.4205406903026334
94.35,1.4220658849839427
94.4,1.4196531316684728
94.45,1.4125716228032335
94.5,1.400448397914213
94.55,1.3834405174551772
94.6,1.3626655960851792
94.65,1.340379758956896
94.7,1.3192105999334713
94.75,1.3009450407995922
94.8,1.2858906763315447
94.85,1.2730931969609889
94.9,1.2609958789501634
94.95,1.247994528503575
95.0,1.2327654722722134
95.05,1.2146598190561022
95.1,1.1940075540875268
95.15,1.1720088593372893
95.2,1.150121557713696
95.25,1.1293387405487263
95.3,1.1098912191514767
95.35,1.0915461573030214
95.4,1.0743068668121702
95.45,1.0592019659184368
95.5,1.0486068322285693
95.55,1.0454018464026469
95.6,1.0512303202480513
95.65,1.0650832819987592
95.7,1.083493931027046
95.75,1.1021455352288019
95.8,1.1176128433772183
95.85,1.1283728985323835
95.9,1.135011366269911
95.95,1.1397284636964466
96.0,1.145366291686012
96.05,1.1543349893106352
96.1,1.1672991600448603
96.15,1.1824393107627793
96.2,1.1963881769479863
96.25,1.2062795640205966
96.3,1.2110476462947874
96.35,1.2113626748607824
96.4,1.208797165290508
96.45,1.2047065852179546
96.5,1.199677085126334
96.55,1.193637070312213
96.6,1.1859113004289534
96.65,1.175401831519562
96.7,1.161490897880936
96.75,1.144917164440213
96.8,1.127772274144195
96.85,1.112804794441765
96.9,1.1024295722402333
96.95,1.097937657860903
97.0,1.0988941525606004
97.05,1.102676543090016
97.1,1.1049093339949776
97.15,1.1007180584918896
97.2,1.086505606753442
97.25,1.0617033328796153
97.3,1.0291652979095358
97.35,0.9943885110593758
97.4,0.9638985472309098
97.45,0.9428896341443561
97.5,0.933387005505343
97.55,0.9339955584702859
97.6,0.9410946138166115
97.65,0.9505280969402102
97.7,0.9587859053840863
97.75,0.9633662684547177
97.8,0.9629598266383748
97.85,0.9576575895651961
97.9,0.9487844889494366
97.95,0.9384067319918812
98.0,0.9289185594214397
98.05,0.922383386038533
98.1,0.9198244258514466
98.15,0.9210686049150704
98.2,0.924895134806725
98.25,0.9294967252241221
98.3,0.9332604932368768
98.35,0.9355098943759533
98.4,0.936616335496695
98.45,0.9374861733692719
98.5,0.9389733694365945
98.55,0.9416681999116383
98.6,0.9462252506807629
98.65,0.9537533992746429
98.7,0.9653673477829988
98.75,0.9809834041297342
98.8,0.9986046271904154
98.85,1.0148237550576766
98.9,1.026072611872178
98.95,1.0299459301578096
99.0,1.0260742262023974
99.05,1.0161812576298683
99.1,1.0033161340295857
99.15,0.9904855138971004
99.2,0.9792960365203941
99.25,0.9691967166370999
99.3,0.9579779682929034
99.35,0.9433225448943069
99.4,0.9241995527324516
99.45,0.9013785883756339
99.5,0.8770123013330785
99.55,0.853609335662843
99.6,0.8329680991001981
99.65,0.8157339200457969
99.7,0.8014067272580542
99.75,0.7884809805719214
99.8,0.7748288153090962
99.85,0.7582388750611461
99.9,0.7373165838276339
99.95,0.7123107574287878
100.0,0.6850867127438455
100.05,0.6583806090818637
100.1,0.6346906531239412
100.15,0.6150966190457562
100.2,0.5988645449353224
100.25,0.5842237260619353
100.3,0.5695136802390345
100.35,0.5540730519639577
100.4,0.5387786274610777
100.45,0.5259311560051251
100.5,0.5183083048859315
100.55,0.5178473883992637
100.6,0.5244245366481305
100.65,0.5354839301401074
100.7,0.5473282964025445
100.75,0.5573624675675664
100.8,0.5655695576906917
100.85,0.5740338074629951
100.9,0.5850439877311716
100.95,0.599343969619904
101.0,0.6154772748354966
101.05,0.6304568098968637
101.1,0.6411998379486168
101.15,0.6455501652842238
101.2,0.6429126437582905
101.25,0.6345378754608773
101.3,0.6227711250392592
101.35,0.6100450400927938
101.4,0.5981060997939519
101.45,0.5874762287239541
101.5,0.5773979579321674
101.55,0.5663889520121321
101.6,0.5532483851741329
101.65,0.5376456649305716
101.7,0.5199902656283819
101.75,0.5010632194970729
101.8,0.48148249584213454
101.85,0.4612981750826376
101.9,0.4397483507829102
101.95,0.41552104743518364
102.0,0.38815521774375494
102.05,0.3590445959474351
102.1,0.3309368323546819
102.15,0.30654715283907263
102.2,0.2870569103311054
102.25,0.2715268155674144
102.3,0.25742047650026834
102.35,0.2414069020544082
102.4,0.22087180242376775
102.45,0.19615686578512037
102.5,0.1716740572745594
102.55,0.15453869053910507
102.6,0.15084862266154925
102.65,0.16197293772979135
102.7,0.1835596585572466
102.75,0.2078295186403745
102.8,0.22785196515426387
102.85,0.2411306894109194
102.9,0.25029877351684643
102.95,0.2606623269545355
103.0,0.2764261635616471
103.05,0.29820491333421845
103.1,0.32275046759624987
103.15,0.344796313435312
103.2,0.3601117438948354
103.25,0.36754224634702426
103.3,0.36886794130512063
103.35,0.3669866811573931
103.4,0.3638291896040027
103.45,0.35981646803950085
103.5,0.3547269656939354
103.55,0.34848585497543993
103.6,0.34117655585268314
103.65,0.33261469516557435
103.7,0.32215505982897014
103.75,0.3086269501613959
103.8,0.2906398460760706
103.85,0.2676531597199374
103.9,0.24075683975281825
103.95,0.212177299096926
104.0,0.18376033049755972
104.05,0.15582941867851152
104.1,0.12740075347191568
104.15,0.09724512445369328
104.2,0.06481366383656052
104.25,0.030464532665822542
104.3,-0.004705132555540952
104.35,-0.03886896870217512
104.4,-0.06951951381581677
104.45,-0.09419480421064318
104.5,-0.11161868539835275
104.55,-0.12231134839255466
104.6,-0.12802503215627165
104.65,-0.130442922856092
104.7,-0.13035075912394353
104.75,-0.12779708239312973
104.8,-0.12256609031064601
104.85,-0.11429328579546534
104.9,-0.10226527548858512
104.95,-0.08527431163313817
105.0,-0.06203950111294506
105.05,-0.032351692948399687
105.1,0.001818684336623948
105.15,0.03643618624544369
105.2,0.06665472310762005
105.25,0.0883762878671042
105.3,0.09958890934139263
105.35,0.10092435971100155
105.4,0.09527343160687632
105.45,0.0864946884357399
105.5,0.0776184128652754
105.55,0.06951771929084566
105.6,0.06085442486590647
105.65,0.04903225223207463
105.7,0.03148196961912753
105.75,0.006853850119406456
105.8,-0.024523858165955995
105.85,-0.06114238883732864
105.9,-0.10122757017170653
105.95,-0.14331966633956794
106.0,-0.18667099458174938
106.05,-0.22767224239525777
106.1,-0.262226413990949
106.15,-0.28883483376465663
106.2,-0.307647715666785
106.25,-0.3197239972783841
106.3,-0.3265014060251104
106.35,-0.32945102269200516
106.4,-0.3298788042306327
106.45,-0.32883458081728156
106.5,-0.3270928825451113
106.55,-0.3251765669488766
106.6,-0.32340156855738494
106.65,-0.3219279358924978
106.7,-0.32080802553193644
106.75,-0.3200270727626286
106.8,-0.3195344027345643
106.85,-0.31926547550195744
106.9,-0.31915601949587136
106.95,-0.31914994805546404
107.0,-0.3192027893633018
107.05,-0.3192821639285478
107.1,-0.31936654163043016
107.15,-0.31944318638393515
107.2,-0.3195059007597897
107.25,-0.3195529400012341
107.3,-0.31958528207439224
107.35,-0.3196053142312446
107.4,-0.31961591804056844
107.45,-0.31961989292824206
107.5,-0.31961964218652816
107.55,-0.31961704587099793
107.6,-0.31961345470963737
107.65,-0.3196097528426673
107.7,-0.31960645143716315
107.75,-0.31960378796692157
107.8,-0.3196018162690455
107.85,-0.3196004801553594
107.9,-0.31959966857199107
107.95,-0.3195992534848474
108.0,-0.31959911331272317
108.05,-0.3195991453018129
108.1,-0.31959927013294914
108.15,-0.3195994315838446
108.2,-0.3195995934519926
108.25,-0.31959973532132685
108.3,-0.31959984820766135
108.35,-0.3195999306802668
108.4,-0.319599985736074
108.45,-0.31960001848795616
108.5,-0.31960003459989533
108.55,-0.3196000393378742
108.6,-0.31960003708575296
108.65,-0.3196000311832156
108.7,-0.31960002396513637
108.75,-0.31960001690932477
108.8,-0.3196000108267651
108.85,-0.3196000060519796
108.9,-0.31960000260966526
108.95,-0.31960000034715524
109.0,-0.3195999990310989
109.05,-0.3195999984119298
109.1,-0.3195999982621559
109.15,-0.3195999983951386
109.2,-0.31959999867054895
109.25,-0.31959999899164865
109.3,-0.31959999929831107
109.35,-0.31959999955851975
109.4,-0.3195999997600721
109.45,-0.31959999990343624
109.5,-0.31959999999614896
109.55,-0.3196000000487812
109.6,-0.3196000000722891
109.65,-0.3196000000764762
109.7,-0.31960000006927186
109.75,-0.31960000005656036
109.8,-0.31960000004234007
109.85,-0.31960000002904865
109.9,-0.3196000000179411
109.95,-0.3196000000094503
110.0,-0.3196000000034929
110.05,-0.31959999999970523
110.1,-0.3195999999976114
110.15,-0.3195999999967321
110.2,-0.31959999999664596
110.25,-0.3195999999970167
110.3,-0.3195999999975981
110.35,-0.31959999999822536
110.4,-0.31959999999879996
110.45,-0.3195999999992731
110.5,-0.3195999999996301
110.55,-0.31959999999987715
110.6,-0.3196000000000314
110.65,-0.3196000000001142
110.7,-0.31960000000014643
110.75,-0.31960000000014627
110.8,-0.31960000000012784
110.85,-0.3196000000001014
110.9,-0.3196000000000738
110.95,-0.319600000000049
111.0,-0.31960000000002875
111.05,-0.3196000000000137
111.1,-0.31960000000000344
111.15,-0.31959999999999716
111.2,-0.319599999999994
111.25,-0.3195999999999929
111.3,-0.3195999999999931
111.35,-0.319599999999994
111.4,-0.31959999999999517
111.45,-0.3195999999999964
111.5,-0.31959999999999744
111.55,-0.31959999999999833
111.6,-0.31959999999999894
111.65,-0.3195999999999994
111.7,-0.31959999999999966
111.75,-0.31959999999999983
111.8,-0.31959999999999983
111.85,-0.31959999999999983
111.9,-0.31959999999999983
111.95,-0.31959999999999983
112.0,-0.31959999999999983
112.05,-0.31959999999999983
112.1,-0.31959999999999983
112.15,-0.31959999999999983
112.2,-0.31959999999999983
112.25,-0.31959999999999983
112.3,-0.31959999999999983
112.35,-0.31959999999999983
112.4,-0.31959999999999983
112.45,-0.31959999999999983
112.5,-0.31959999999999983
112.55,-0.31959999999999983
112.6,-0.31959999999999983
112.65,-0.31959999999999983
112.7,-0.31959999999999983
112.75,-0.31959999999999983
112.8,-0.31959999999999983
112.85,-0.31959999999999983
112.9,-0.31959999999999983
112.95,-0.31959999999999983
113.0,-0.31959999999999983
113.05,-0.31959999999999983
113.1,-0.31959999999999983
113.15,-0.31959999999999983
113.2,-0.31959999999999983
113.25,-0.31959999999999983
113.3,-0.31959999999999983
113.35,-0.31959999999999983
113.4,-0.31959999999999983
113.45,-0.31959999999999983
113.5,-0.31959999999999983
113.55,-0.31959999999999983
113.6,-0.31959999999999983
113.65,-0.31959999999999983
113.7,-0.31959999999999983
113.75,-0.31959999999999983
113.8,-0.31959999999999983
113.85,-0.31959999999999983
113.9,-0.31959999999999983
113.95,-0.31959999999999983
114.0,-0.31959999999999983
114.05,-0.31959999999999983
114.1,-0.31959999999999983
114.15,-0.31959999999999983
114.2,-0.31959999999999983
114.25,-0.31959999999999983
114.3,-0.31959999999999983
114.35,-0.31959999999999983
114.4,-0.31959999999999983
114.45,-0.31959999999999983
114.5,-0.31959999999999983
114.55,-0.31959999999999983
114.6,-0.31959999999999983
114.65,-0.31959999999999983
114.7,-0.31959999999999983
114.75,-0.31959999999999983
114.8,-0.31959999999999983
114.85,-0.31959999999999983
114.9,-0.31959999999999983
114.95,-0.31959999999999983
115.0,-0.31959999999999983
115.05,-0.31959999999999983
115.1,-0.31959999999999983
115.15,-0.31959999999999983
115.2,-0.31959999999999983
115.25,-0.31959999999999983
115.3,-0.31959999999999983
115.35,-0.31959999999999983
115.4,-0.31959999999999983
115.45,-0.31959999999999983
115.5,-0.31959999999999983
115.55,-0.31959999999999983
115.6,-0.31959999999999983
115.65,-0.31959999999999983
115.7,-0.31959999999999983
115.75,-0.31959999999999983
115.8,-0.31959999999999983
115.85,-0.31959999999999983
115.9,-0.31959999999999983
115.95,-0.31959999999999983
116.0,-0.31959999999999983
116.05,-0.31959999999999983
116.1,-0.31959999999999983
116.15,-0.31959999999999983
116.2,-0.31959999999999983
116.25,-0.31959999999999983
116.3,-0.31959999999999983
116.35,-0.31959999999999983
116.4,-0.31959999999999983
116.45,-0.31959999999999983
116.5,-0.31959999999999983
116.55,-0.31959999999999983
116.6,-0.31959999999999983
116.65,-0.31959999999999983
116.7,-0.31959999999999983
116.75,-0.31959999999999983
116.8,-0.31959999999999983
116.85,-0.31959999999999983
116.9,-0.31959999999999983
116.95,-0.31959999999999983
117.0,-0.31959999999999983
117.05,-0.31959999999999983
117.1,-0.31959999999999983
117.15,-0.31959999999999983
117.2,-0.31959999999999983
117.25,-0.31959999999999983
117.3,-0.31959999999999983
117.35,-0.31959999999999983
117.4,-0.31959999999999983
117.45,-0.31959999999999983
117.5,-0.31959999999999983
117.55,-0.31959999999999983
117.6,-0.31959999999999983
117.65,-0.31959999999999983
117.7,-0.31959999999999983
117.75,-0.31959999999999983
117.8,-0.31959999999999983
117.85,-0.31959999999999983
117.9,-0.31959999999999983
117.95,-0.31959999999999983
118.0,-0.31959999999999983
118.05,-0.31959999999999983
118.1,-0.31959999999999983
118.15,-0.31959999999999983
118.2,-0.31959999999999983
118.25,-0.31959999999999983
118.3,-0.31959999999999983
118.35,-0.31959999999999983
118.4,-0.31959999999999983
118.45,-0.31959999999999983
118.5,-0.31959999999999983
118.55,-0.31959999999999983
118.6,-0.31959999999999983
118.65,-0.31959999999999983
118.7,-0.31959999999999983
118.75,-0.31959999999999983
118.8,-0.31959999999999983
118.85,-0.31959999999999983
118.9,-0.31959999999999983
118.95,-0.31959999999999983
119.0,-0.31959999999999983
119.05,-0.31959999999999983
119.1,-0.31959999999999983
119.15,-0.31959999999999983
119.2,-0.31959999999999983
119.25,-0.31959999999999983
119.3,-0.31959999999999983
119.35,-0.31959999999999983
119.4,-0.31959999999999983
119.45,-0.31959999999999983
119.5,-0.31959999999999983
119.55,-0.31959999999999983
119.6,-0.31959999999999983
119.65,-0.31959999999999983
119.7,-0.31959999999999983
119.75,-0.31959999999999983
119.8,-0.31959999999999983
119.85,-0.31959999999999983
119.9,-0.31959999999999983
119.95,-0.31959999999999983
120.0,-0.31959999999999983
120.05,-0.31959999999999983
120.1,-0.31959999999999983
120.15,-0.31959999999999983
120.2,-0.31959999999999983
120.25,-0.31959999999999983
120.3,-0.31959999999999983
120.35,-0.31959999999999983
120.4,-0.31959999999999983
120.45,-0.31959999999999983
120.5,-0.31959999999999983
120.55,-0.31959999999999983
120.6,-0.31959999999999983
120.65,-0.31959999999999983
120.7,-0.31959999999999983
120.75,-0.31959999999999983
120.8,-0.31959999999999983
120.85,-0.31959999999999983
120.9,-0.31959999999999983
120.95,-0.31959999999999983
121.0,-0.31959999999999983
121.05,-0.31959999999999983
121.1,-0.31959999999999983
121.15,-0.31959999999999983
121.2,-0.31959999999999983
121.25,-0.31959999999999983
121.3,-0.31959999999999983
121.35,-0.31959999999999983
121.4,-0.31959999999999983
121.45,-0.31959999999999983
121.5,-0.31959999999999983
121.55,-0.31959999999999983
121.6,-0.31959999999999983
121.65,-0.31959999999999983
121.7,-0.31959999999999983
121.75,-0.31959999999999983
121.8,-0.31959999999999983
121.85,-0.31959999999999983
121.9,-0.31959999999999983
121.95,-0.31959999999999983
122.0,-0.31959999999999983
122.05,-0.31959999999999983
122.1,-0.31959999999999983
122.15,-0.31959999999999983
122.2,-0.31959999999999983
122.25,-0.31959999999999983
122.3,-0.31959999999999983
122.35,-0.31959999999999983
122.4,-0.31959999999999983
122.45,-0.31959999999999983
122.5,-0.31959999999999983
122.55,-0.31959999999999983
122.6,-0.31959999999999983
122.65,-0.31959999999999983
122.7,-0.31959999999999983
122.75,-0.31959999999999983
122.8,-0.31959999999999983
122.85,-0.31959999999999983
122.9,-0.31959999999999983
122.95,-0.31959999999999983
123.0,-0.31959999999999983
123.05,-0.31959999999999983
123.1,-0.31959999999999983
123.15,-0.31959999999999983
123.2,-0.31959999999999983
123.25,-0.31959999999999983
123.3,-0.31959999999999983
123.35,-0.31959999999999983
123.4,-0.31959999999999983
123.45,-0.31959999999999983
123.5,-0.31959999999999983
123.55,-0.31959999999999983
123.6,-0.31959999999999983
123.65,-0.31959999999999983
123.7,-0.31959999999999983
123.75,-0.31959999999999983
123.8,-0.31959999999999983
123.85,-0.31959999999999983
123.9,-0.31959999999999983
123.95,-0.31959999999999983
124.0,-0.31959999999999983
124.05,-0.31959999999999983
124.1,-0.31959999999999983
124.15,-0.31959999999999983
124.2,-0.31959999999999983
124.25,-0.31959999999999983
124.3,-0.31959999999999983
124.35,-0.31959999999999983
124.4,-0.31959999999999983
124.45,-0.31959999999999983
124.5,-0.31959999999999983
124.55,-0.31959999999999983
124.6,-0.31959999999999983
124.65,-0.31959999999999983
124.7,-0.31959999999999983
124.75,-0.31959999999999983
124.8,-0.31959999999999983
124.85,-0.31959999999999983
124.9,-0.31959999999999983
124.95,-0.31959999999999983
125.0,-0.31959999999999983
125.05,-0.31959999999999983
125.1,-0.31959999999999983
125.15,-0.31959999999999983
125.2,-0.31959999999999983
125.25,-0.31959999999999983
125.3,-0.31959999999999983
125.35,-0.31959999999999983
125.4,-0.31959999999999983
125.45,-0.31959999999999983
125.5,-0.31959999999999983
125.55,-0.31959999999999983
125.6,-0.31959999999999983
125.65,-0.31959999999999983
125.7,-0.31959999999999983
125.75,-0.31959999999999983
125.8,-0.31959999999999983
125.85,-0.31959999999999983
125.9,-0.31959999999999983
125.95,-0.31959999999999983
126.0,-0.31959999999999983
126.05,-0.31959999999999983
126.1,-0.31959999999999983
126.15,-0.31959999999999983
126.2,-0.31959999999999983
126.25,-0.31959999999999983
126.3,-0.31959999999999983
126.35,-0.31959999999999983
126.4,-0.31959999999999983
126.45,-0.31959999999999983
126.5,-0.31959999999999983
126.55,-0.31959999999999983
126.6,-0.31959999999999983
126.65,-0.31959999999999983
126.7,-0.31959999999999983
126.75,-0.31959999999999983
126.8,-0.31959999999999983
126.85,-0.31959999999999983
126.9,-0.31959999999999983
126.95,-0.31959999999999983
127.0,-0.31959999999999983
127.05,-0.31959999999999983
127.1,-0.31959999999999983
127.15,-0.31959999999999983
127.2,-0.31959999999999983
127.25,-0.31959999999999983
127.3,-0.31959999999999983
127.35,-0.31959999999999983
127.4,-0.31959999999999983
127.45,-0.31959999999999983
127.5,-0.31959999999999983
127.55,-0.31959999999999983
127.6,-0.31959999999999983
127.65,-0.31959999999999983
127.7,-0.31959999999999983
127.75,-0.31959999999999983
127.8,-0.31959999999999983
127.85,-0.31959999999999983
127.9,-0.31959999999999983
127.95,-0.31959999999999983
128.0,-0.31959999999999983
128.05,-0.31959999999999983
128.1,-0.31959999999999983
128.15,-0.31959999999999983
128.2,-0.31959999999999983
128.25,-0.31959999999999983
128.3,-0.31959999999999983
128.35,-0.31959999999999983
128.4,-0.31959999999999983
128.45,-0.31959999999999983
128.5,-0.31959999999999983
128.55,-0.31959999999999983
128.6,-0.31959999999999983
128.65,-0.31959999999999983
128.7,-0.31959999999999983
128.75,-0.31959999999999983
128.8,-0.31959999999999983
128.85,-0.31959999999999983
128.9,-0.31959999999999983
128.95,-0.31959999999999983
129.0,-0.31959999999999983
129.05,-0.31959999999999983
129.1,-0.31959999999999983
129.15,-0.31959999999999983
129.2,-0.31959999999999983
129.25,-0.31959999999999983
129.3,-0.31959999999999983
129.35,-0.31959999999999983
129.4,-0.31959999999999983
129.45,-0.31959999999999983
129.5,-0.31959999999999983
129.55,-0.31959999999999983
129.6,-0.31959999999999983
129.65,-0.31959999999999983
129.7,-0.31959999999999983
129.75,-0.31959999999999983
129.8,-0.31959999999999983
129.85,-0.31959999999999983
129.9,-0.31959999999999983
129.95,-0.31959999999999983
130.0,-0.31959999999999983
130.05,-0.31959999999999983
130.1,-0.31959999999999983
130.15,-0.31959999999999983
130.2,-0.31959999999999983
130.25,-0.31959999999999983
130.3,-0.31959999999999983
130.35,-0.31959999999999983
130.4,-0.31959999999999983
130.45,-0.31959999999999983
130.5,-0.31959999999999983
130.55,-0.31959999999999983
130.6,-0.31959999999999983
130.65,-0.31959999999999983
130.7,-0.31959999999999983
130.75,-0.31959999999999983
130.8,-0.31959999999999983
130.85,-0.31959999999999983
130.9,-0.31959999999999983
130.95,-0.31959999999999983
131.0,-0.31959999999999983
131.05,-0.31959999999999983
131.1,-0.31959999999999983
131.15,-0.31959999999999983
131.2,-0.31959999999999983
131.25,-0.31959999999999983
131.3,-0.31959999999999983
131.35,-0.31959999999999983
131.4,-0.31959999999999983
131.45,-0.31959999999999983
131.5,-0.31959999999999983
131.55,-0.31959999999999983
131.6,-0.31959999999999983
131.65,-0.31959999999999983
131.7,-0.31959999999999983
131.75,-0.31959999999999983
131.8,-0.31959999999999983
131.85,-0.31959999999999983
131.9,-0.31959999999999983
131.95,-0.31959999999999983
132.0,-0.31959999999999983
132.05,-0.31959999999999983
132.1,-0.31959999999999983
132.15,-0.31959999999999983
132.2,-0.31959999999999983
132.25,-0.31959999999999983
132.3,-0.31959999999999983
132.35,-0.31959999999999983
132.4,-0.31959999999999983
132.45,-0.31959999999999983
132.5,-0.31959999999999983
132.55,-0.31959999999999983
132.6,-0.31959999999999983
132.65,-0.31959999999999983
132.7,-0.31959999999999983
132.75,-0.31959999999999983
132.8,-0.31959999999999983
132.85,-0.31959999999999983
132.9,-0.31959999999999983
132.95,-0.31959999999999983
133.0,-0.31959999999999983
133.05,-0.31959999999999983
133.1,-0.31959999999999983
133.15,-0.31959999999999983
133.2,-0.31959999999999983
133.25,-0.31959999999999983
133.3,-0.31959999999999983
133.35,-0.31959999999999983
133.4,-0.31959999999999983
133.45,-0.31959999999999983
133.5,-0.31959999999999983
133.55,-0.31959999999999983
133.6,-0.31959999999999983
133.65,-0.31959999999999983
133.7,-0.31959999999999983
133.75,-0.31959999999999983
133.8,-0.31959999999999983
133.85,-0.31959999999999983
133.9,-0.31959999999999983
133.95,-0.31959999999999983
134.0,-0.31959999999999983
134.05,-0.31959999999999983
134.1,-0.31959999999999983
134.15,-0.31959999999999983
134.2,-0.31959999999999983
134.25,-0.31959999999999983
134.3,-0.31959999999999983
134.35,-0.31959999999999983
134.4,-0.31959999999999983
134.45,-0.31959999999999983
134.5,-0.31959999999999983
134.55,-0.31959999999999983
134.6,-0.31959999999999983
134.65,-0.31959999999999983
134.7,-0.31959999999999983
134.75,-0.31959999999999983
134.8,-0.31959999999999983
134.85,-0.31959999999999983
134.9,-0.31959999999999983
134.95,-0.31959999999999983
135.0,-0.31959999999999983
135.05,-0.31959999999999983
135.1,-0.31959999999999983
135.15,-0.31959999999999983
135.2,-0.31959999999999983
135.25,-0.31959999999999983
135.3,-0.31959999999999983
135.35,-0.31959999999999983
135.4,-0.31959999999999983
135.45,-0.31959999999999983
135.5,-0.31959999999999983
135.55,-0.31959999999999983
135.6,-0.31959999999999983
135.65,-0.31959999999999983
135.7,-0.31959999999999983
135.75,-0.31959999999999983
135.8,-0.31959999999999983
135.85,-0.31959999999999983
135.9,-0.31959999999999983
135.95,-0.31959999999999983
136.0,-0.31959999999999983
136.05,-0.31959999999999983
136.1,-0.31959999999999983
136.15,-0.31959999999999983
136.2,-0.31959999999999983
136.25,-0.31959999999999983
136.3,-0.31959999999999983
136.35,-0.31959999999999983
136.4,-0.31959999999999983
136.45,-0.31959999999999983
136.5,-0.31959999999999983
136.55,-0.31959999999999983
136.6,-0.31959999999999983
136.65,-0.31959999999999983
136.7,-0.31959999999999983
136.75,-0.31959999999999983
136.8,-0.31959999999999983
136.85,-0.31959999999999983
136.9,-0.31959999999999983
136.95,-0.31959999999999983
137.0,-0.31959999999999983
137.05,-0.31959999999999983
137.1,-0.31959999999999983
137.15,-0.31959999999999983
137.2,-0.31959999999999983
137.25,-0.31959999999999983
137.3,-0.31959999999999983
137.35,-0.31959999999999983
137.4,-0.31959999999999983
137.45,-0.31959999999999983
137.5,-0.31959999999999983
137.55,-0.31959999999999983
137.6,-0.31959999999999983
137.65,-0.31959999999999983
137.7,-0.31959999999999983
137.75,-0.31959999999999983
137.8,-0.31959999999999983
137.85,-0.31959999999999983
137.9,-0.31959999999999983
137.95,-0.31959999999999983
138.0,-0.31959999999999983
138.05,-0.31959999999999983
138.1,-0.31959999999999983
138.15,-0.31959999999999983
138.2,-0.31959999999999983
138.25,-0.31959999999999983
138.3,-0.31959999999999983
138.35,-0.31959999999999983
138.4,-0.31959999999999983
138.45,-0.31959999999999983
138.5,-0.31959999999999983
138.55,-0.31959999999999983
138.6,-0.31959999999999983
138.65,-0.31959999999999983
138.7,-0.31959999999999983
138.75,-0.31959999999999983
138.8,-0.31959999999999983
138.85,-0.31959999999999983
138.9,-0.31959999999999983
138.95,-0.31959999999999983
139.0,-0.31959999999999983
139.05,-0.31959999999999983
139.1,-0.31959999999999983
139.15,-0.31959999999999983
139.2,-0.31959999999999983
139.25,-0.31959999999999983
139.3,-0.31959999999999983
139.35,-0.31959999999999983
139.4,-0.31959999999999983
139.45,-0.31959999999999983
139.5,-0.31959999999999983
139.55,-0.31959999999999983
139.6,-0.31959999999999983
139.65,-0.31959999999999983
139.7,-0.31959999999999983
139.75,-0.31959999999999983
139.8,-0.31959999999999983
139.85,-0.31959999999999983
139.9,-0.31959999999999983
139.95,-0.31959999999999983
140.0,-0.31959999999999983
140.05,-0.31959999999999983
140.1,-0.31959999999999983
140.15,-0.31959999999999983
140.2,-0.31959999999999983
140.25,-0.31959999999999983
140.3,-0.31959999999999983
140.35,-0.31959999999999983
140.4,-0.31959999999999983
140.45,-0.31959999999999983
140.5,-0.31959999999999983
140.55,-0.31959999999999983
140.6,-0.31959999999999983
140.65,-0.31959999999999983
140.7,-0.31959999999999983
140.75,-0.31959999999999983
140.8,-0.31959999999999983
140.85,-0.31959999999999983
140.9,-0.31959999999999983
140.95,-0.31959999999999983
141.0,-0.31959999999999983
141.05,-0.31959999999999983
141.1,-0.31959999999999983
141.15,-0.31959999999999983
141.2,-0.31959999999999983
141.25,-0.31959999999999983
141.3,-0.31959999999999983
141.35,-0.31959999999999983
141.4,-0.31959999999999983
141.45,-0.31959999999999983
141.5,-0.31959999999999983
141.55,-0.31959999999999983
141.6,-0.31959999999999983
141.65,-0.31959999999999983
141.7,-0.31959999999999983
141.75,-0.31959999999999983
141.8,-0.31959999999999983
141.85,-0.31959999999999983
141.9,-0.31959999999999983
141.95,-0.31959999999999983
142.0,-0.31959999999999983
142.05,-0.31959999999999983
142.1,-0.31959999999999983
142.15,-0.31959999999999983
142.2,-0.31959999999999983
142.25,-0.31959999999999983
142.3,-0.31959999999999983
142.35,-0.31959999999999983
142.4,-0.31959999999999983
142.45,-0.31959999999999983
142.5,-0.31959999999999983
142.55,-0.31959999999999983
142.6,-0.31959999999999983
142.65,-0.31959999999999983
142.7,-0.31959999999999983
142.75,-0.31959999999999983
142.8,-0.31959999999999983
142.85,-0.31959999999999983
142.9,-0.31959999999999983
142.95,-0.31959999999999983
143.0,-0.31959999999999983
143.05,-0.31959999999999983
143.1,-0.31959999999999983
143.15,-0.31959999999999983
143.2,-0.31959999999999983
143.25,-0.31959999999999983
143.3,-0.31959999999999983
143.35,-0.31959999999999983
143.4,-0.31959999999999983
143.45,-0.31959999999999983
143.5,-0.31959999999999983
143.55,-0.31959999999999983
143.6,-0.31959999999999983
143.65,-0.31959999999999983
143.7,-0.31959999999999983
143.75,-0.31959999999999983
143.8,-0.31959999999999983
143.85,-0.31959999999999983
143.9,-0.31959999999999983
143.95,-0.31959999999999983
144.0,-0.31959999999999983
144.05,-0.31959999999999983
144.1,-0.31959999999999983
144.15,-0.31959999999999983
144.2,-0.31959999999999983
144.25,-0.31959999999999983
144.3,-0.31959999999999983
144.35,-0.31959999999999983
144.4,-0.31959999999999983
144.45,-0.31959999999999983
144.5,-0.31959999999999983
144.55,-0.31959999999999983
144.6,-0.31959999999999983
144.65,-0.31959999999999983
144.7,-0.31959999999999983
144.75,-0.31959999999999983
144.8,-0.31959999999999983
144.85,-0.31959999999999983
144.9,-0.31959999999999983
144.95,-0.31959999999999983
145.0,-0.31959999999999983
145.05,-0.31959999999999983
145.1,-0.31959999999999983
145.15,-0.31959999999999983
145.2,-0.31959999999999983
145.25,-0.31959999999999983
145.3,-0.31959999999999983
145.35,-0.31959999999999983
145.4,-0.31959999999999983
145.45,-0.31959999999999983
145.5,-0.31959999999999983
145.55,-0.31959999999999983
145.6,-0.31959999999999983
145.65,-0.31959999999999983
145.7,-0.31959999999999983
145.75,-0.31959999999999983
145.8,-0.31959999999999983
145.85,-0.31959999999999983
145.9,-0.31959999999999983
145.95,-0.31959999999999983
146.0,-0.31959999999999983
146.05,-0.31959999999999983
146.1,-0.31959999999999983
146.15,-0.31959999999999983
146.2,-0.31959999999999983
146.25,-0.31959999999999983
146.3,-0.31959999999999983
146.35,-0.31959999999999983
146.4,-0.31959999999999983
146.45,-0.31959999999999983
146.5,-0.31959999999999983
146.55,-0.31959999999999983
146.6,-0.31959999999999983
146.65,-0.31959999999999983
146.7,-0.31959999999999983
146.75,-0.31959999999999983
146.8,-0.31959999999999983
146.85,-0.31959999999999983
146.9,-0.31959999999999983
146.95,-0.31959999999999983
147.0,-0.31959999999999983
147.05,-0.31959999999999983
147.1,-0.31959999999999983
147.15,-0.31959999999999983
147.2,-0.31959999999999983
147.25,-0.31959999999999983
147.3,-0.31959999999999983
147.35,-0.31959999999999983
147.4,-0.31959999999999983
147.45,-0.31959999999999983
147.5,-0.31959999999999983
147.55,-0.31959999999999983
147.6,-0.31959999999999983
147.65,-0.31959999999999983
147.7,-0.31959999999999983
147.75,-0.31959999999999983
147.8,-0.31959999999999983
147.85,-0.31959999999999983
147.9,-0.31959999999999983
147.95,-0.31959999999999983
148.0,-0.31959999999999983
148.05,-0.31959999999999983
148.1,-0.31959999999999983
148.15,-0.31959999999999983
148.2,-0.31959999999999983
148.25,-0.31959999999999983
148.3,-0.31959999999999983
148.35,-0.31959999999999983
148.4,-0.31959999999999983
148.45,-0.31959999999999983
148.5,-0.31959999999999983
148.55,-0.31959999999999983
148.6,-0.31959999999999983
148.65,-0.31959999999999983
148.7,-0.31959999999999983
148.75,-0.31959999999999983
148.8,-0.31959999999999983
148.85,-0.31959999999999983
148.9,-0.31959999999999983
148.95,-0.31959999999999983
149.0,-0.31959999999999983
149.05,-0.31959999999999983
149.1,-0.31959999999999983
149.15,-0.31959999999999983
149.2,-0.31959999999999983
149.25,-0.31959999999999983
149.3,-0.31959999999999983
149.35,-0.31959999999999983
149.4,-0.31959999999999983
149.45,-0.31959999999999983
149.5,-0.31959999999999983
149.55,-0.31959999999999983
149.6,-0.31959999999999983
149.65,-0.31959999999999983
149.7,-0.31959999999999983
149.75,-0.31959999999999983
149.8,-0.31959999999999983
149.85,-0.31959999999999983
149.9,-0.31959999999999983
149.95,-0.31959999999999983
150.0,-0.31959999999999983
150.05,-0.31959999999999983
150.1,-0.31959999999999983
150.15,-0.31959999999999983
150.2,-0.31959999999999983
150.25,-0.31959999999999983
150.3,-0.31959999999999983
150.35,-0.31959999999999983
150.4,-0.31959999999999983
150.45,-0.31959999999999983
150.5,-0.31959999999999983
150.55,-0.31959999999999983
150.6,-0.31959999999999983
150.65,-0.31959999999999983
150.7,-0.31959999999999983
150.75,-0.31959999999999983
150.8,-0.31959999999999983
150.85,-0.31959999999999983
150.9,-0.31959999999999983
150.95,-0.31959999999999983
151.0,-0.31959999999999983
151.05,-0.31959999999999983
151.1,-0.31959999999999983
151.15,-0.31959999999999983
151.2,-0.31959999999999983
151.25,-0.31959999999999983
151.3,-0.31959999999999983
151.35,-0.31959999999999983
151.4,-0.31959999999999983
151.45,-0.31959999999999983
151.5,-0.31959999999999983
151.55,-0.31959999999999983
151.6,-0.31959999999999983
151.65,-0.31959999999999983
151.7,-0.31959999999999983
151.75,-0.31959999999999983
151.8,-0.31959999999999983
151.85,-0.31959999999999983
151.9,-0.31959999999999983
151.95,-0.31959999999999983
152.0,-0.31959999999999983
152.05,-0.31959999999999983
152.1,-0.31959999999999983
152.15,-0.31959999999999983
152.2,-0.31959999999999983
152.25,-0.31959999999999983
152.3,-0.31959999999999983
152.35,-0.31959999999999983
152.4,-0.31959999999999983
152.45,-0.31959999999999983
152.5,-0.31959999999999983
152.55,-0.31959999999999983
152.6,-0.31959999999999983
152.65,-0.31959999999999983
152.7,-0.31959999999999983
152.75,-0.31959999999999983
152.8,-0.31959999999999983
152.85,-0.31959999999999983
152.9,-0.31959999999999983
152.95,-0.31959999999999983
153.0,-0.31959999999999983
153.05,-0.31959999999999983
153.1,-0.31959999999999983
153.15,-0.31959999999999983
153.2,-0.31959999999999983
153.25,-0.31959999999999983
153.3,-0.31959999999999983
153.35,-0.31959999999999983
153.4,-0.31959999999999983
153.45,-0.31959999999999983
153.5,-0.31959999999999983
153.55,-0.31959999999999983
153.6,-0.31959999999999983
153.65,-0.31959999999999983
153.7,-0.31959999999999983
153.75,-0.31959999999999983
153.8,-0.31959999999999983
153.85,-0.31959999999999983
153.9,-0.31959999999999983
153.95,-0.31959999999999983
154.0,-0.31959999999999983
154.05,-0.31959999999999983
154.1,-0.31959999999999983
154.15,-0.31959999999999983
154.2,-0.31959999999999983
154.25,-0.31959999999999983
154.3,-0.31959999999999983
154.35,-0.31959999999999983
154.4,-0.31959999999999983
154.45,-0.31959999999999983
154.5,-0.31959999999999983
154.55,-0.31959999999999983
154.6,-0.31959999999999983
154.65,-0.31959999999999983
154.7,-0.31959999999999983
154.75,-0.31959999999999983
154.8,-0.31959999999999983
154.85,-0.31959999999999983
154.9,-0.31959999999999983
154.95,-0.31959999999999983
155.0,-0.31959999999999983
155.05,-0.31959999999999983
155.1,-0.31959999999999983
155.15,-0.31959999999999983
155.2,-0.31959999999999983
155.25,-0.31959999999999983
155.3,-0.31959999999999983
155.35,-0.31959999999999983
155.4,-0.31959999999999983
155.45,-0.31959999999999983
155.5,-0.31959999999999983
155.55,-0.31959999999999983
155.6,-0.31959999999999983
155.65,-0.31959999999999983
155.7,-0.31959999999999983
155.75,-0.31959999999999983
155.8,-0.31959999999999983
155.85,-0.31959999999999983
155.9,-0.31959999999999983
155.95,-0.31959999999999983
156.0,-0.31959999999999983
156.05,-0.31959999999999983
156.1,-0.31959999999999983
156.15,-0.31959999999999983
156.2,-0.31959999999999983
156.25,-0.31959999999999983
156.3,-0.31959999999999983
156.35,-0.31959999999999983
156.4,-0.31959999999999983
156.45,-0.31959999999999983
156.5,-0.31959999999999983
156.55,-0.31959999999999983
156.6,-0.31959999999999983
156.65,-0.31959999999999983
156.7,-0.31959999999999983
156.75,-0.31959999999999983
156.8,-0.31959999999999983
156.85,-0.31959999999999983
156.9,-0.31959999999999983
156.95,-0.31959999999999983
157.0,-0.31959999999999983
157.05,-0.31959999999999983
157.1,-0.31959999999999983
157.15,-0.31959999999999983
157.2,-0.31959999999999983
157.25,-0.31959999999999983
157.3,-0.31959999999999983
157.35,-0.31959999999999983
157.4,-0.31959999999999983
157.45,-0.31959999999999983
157.5,-0.31959999999999983
157.55,-0.31959999999999983
157.6,-0.31959999999999983
157.65,-0.31959999999999983
157.7,-0.31959999999999983
157.75,-0.31959999999999983
157.8,-0.31959999999999983
157.85,-0.31959999999999983
157.9,-0.31959999999999983
157.95,-0.31959999999999983
158.0,-0.31959999999999983
158.05,-0.31959999999999983
158.1,-0.31959999999999983
158.15,-0.31959999999999983
158.2,-0.31959999999999983
158.25,-0.31959999999999983
158.3,-0.31959999999999983
158.35,-0.31959999999999983
158.4,-0.31959999999999983
158.45,-0.31959999999999983
158.5,-0.31959999999999983
158.55,-0.31959999999999983
158.6,-0.31959999999999983
158.65,-0.31959999999999983
158.7,-0.31959999999999983
158.75,-0.31959999999999983
158.8,-0.31959999999999983
158.85,-0.31959999999999983
158.9,-0.31959999999999983
158.95,-0.31959999999999983
159.0,-0.31959999999999983
159.05,-0.31959999999999983
159.1,-0.31959999999999983
159.15,-0.31959999999999983
159.2,-0.31959999999999983
159.25,-0.31959999999999983
159.3,-0.31959999999999983
159.35,-0.31959999999999983
159.4,-0.31959999999999983
159.45,-0.31959999999999983
159.5,-0.31959999999999983
159.55,-0.31959999999999983
159.6,-0.31959999999999983
159.65,-0.31959999999999983
159.7,-0.31959999999999983
159.75,-0.31959999999999983
159.8,-0.31959999999999983
159.85,-0.31959999999999983
159.9,-0.31959999999999983
159.95,-0.31959999999999983
160.0,-0.31959999999999983
160.05,-0.31959999999999983
160.1,-0.31959999999999983
160.15,-0.31959999999999983
160.2,-0.31959999999999983
160.25,-0.31959999999999983
160.3,-0.31959999999999983
160.35,-0.31959999999999983
160.4,-0.31959999999999983
160.45,-0.31959999999999983
160.5,-0.31959999999999983
160.55,-0.31959999999999983
160.6,-0.31959999999999983
160.65,-0.31959999999999983
160.7,-0.31959999999999983
160.75,-0.31959999999999983
160.8,-0.31959999999999983
160.85,-0.31959999999999983
160.9,-0.31959999999999983
160.95,-0.31959999999999983
161.0,-0.31959999999999983
161.05,-0.31959999999999983
161.1,-0.31959999999999983
161.15,-0.31959999999999983
161.2,-0.31959999999999983
161.25,-0.31959999999999983
161.3,-0.31959999999999983
161.35,-0.31959999999999983
161.4,-0.31959999999999983
161.45,-0.31959999999999983
161.5,-0.31959999999999983
161.55,-0.31959999999999983
161.6,-0.31959999999999983
161.65,-0.31959999999999983
161.7,-0.31959999999999983
161.75,-0.31959999999999983
161.8,-0.31959999999999983
161.85,-0.31959999999999983
161.9,-0.31959999999999983
161.95,-0.31959999999999983
162.0,-0.31959999999999983
162.05,-0.31959999999999983
162.1,-0.31959999999999983
162.15,-0.31959999999999983
162.2,-0.31959999999999983
162.25,-0.31959999999999983
162.3,-0.31959999999999983
162.35,-0.31959999999999983
162.4,-0.31959999999999983
162.45,-0.31959999999999983
162.5,-0.31959999999999983
162.55,-0.31959999999999983
162.6,-0.31959999999999983
162.65,-0.31959999999999983
162.7,-0.31959999999999983
162.75,-0.31959999999999983
162.8,-0.31959999999999983
162.85,-0.31959999999999983
162.9,-0.31959999999999983
162.95,-0.31959999999999983
163.0,-0.31959999999999983
163.05,-0.31959999999999983
163.1,-0.31959999999999983
163.15,-0.31959999999999983
163.2,-0.31959999999999983
163.25,-0.31959999999999983
163.3,-0.31959999999999983
163.35,-0.31959999999999983
163.4,-0.31959999999999983
163.45,-0.31959999999999983
163.5,-0.31959999999999983
163.55,-0.31959999999999983
163.6,-0.31959999999999983
163.65,-0.31959999999999983
163.7,-0.31959999999999983
163.75,-0.31959999999999983
163.8,-0.31959999999999983
163.85,-0.31959999999999983
163.9,-0.31959999999999983
163.95,-0.31959999999999983
164.0,-0.31959999999999983
164.05,-0.31959999999999983
164.1,-0.31959999999999983
164.15,-0.31959999999999983
164.2,-0.31959999999999983
164.25,-0.31959999999999983
164.3,-0.31959999999999983
164.35,-0.31959999999999983
164.4,-0.31959999999999983
164.45,-0.31959999999999983
164.5,-0.31959999999999983
164.55,-0.31959999999999983
164.6,-0.31959999999999983
164.65,-0.31959999999999983
164.7,-0.31959999999999983
164.75,-0.31959999999999983
164.8,-0.31959999999999983
164.85,-0.31959999999999983
164.9,-0.31959999999999983
164.95,-0.31959999999999983
165.0,-0.31959999999999983
165.05,-0.31959999999999983
165.1,-0.31959999999999983
165.15,-0.31959999999999983
165.2,-0.31959999999999983
165.25,-0.31959999999999983
165.3,-0.31959999999999983
165.35,-0.31959999999999983
165.4,-0.31959999999999983
165.45,-0.31959999999999983
165.5,-0.31959999999999983
165.55,-0.31959999999999983
165.6,-0.31959999999999983
165.65,-0.31959999999999983
165.7,-0.31959999999999983
165.75,-0.31959999999999983
165.8,-0.31959999999999983
165.85,-0.31959999999999983
165.9,-0.31959999999999983
165.95,-0.31959999999999983
166.0,-0.31959999999999983
166.05,-0.31959999999999983
166.1,-0.31959999999999983
166.15,-0.31959999999999983
166.2,-0.31959999999999983
166.25,-0.31959999999999983
166.3,-0.31959999999999983
166.35,-0.31959999999999983
166.4,-0.31959999999999983
166.45,-0.31959999999999983
166.5,-0.31959999999999983
166.55,-0.31959999999999983
166.6,-0.31959999999999983
166.65,-0.31959999999999983
166.7,-0.31959999999999983
166.75,-0.31959999999999983
166.8,-0.31959999999999983
166.85,-0.31959999999999983
166.9,-0.31959999999999983
166.95,-0.31959999999999983
167.0,-0.31959999999999983
167.05,-0.31959999999999983
167.1,-0.31959999999999983
167.15,-0.31959999999999983
167.2,-0.31959999999999983
167.25,-0.31959999999999983
167.3,-0.31959999999999983
167.35,-0.31959999999999983
167.4,-0.31959999999999983
167.45,-0.31959999999999983
167.5,-0.31959999999999983
167.55,-0.31959999999999983
167.6,-0.31959999999999983
167.65,-0.31959999999999983
167.7,-0.31959999999999983
167.75,-0.31959999999999983
167.8,-0.31959999999999983
167.85,-0.31959999999999983
167.9,-0.31959999999999983
167.95,-0.31959999999999983
168.0,-0.31959999999999983
168.05,-0.31959999999999983
168.1,-0.31959999999999983
168.15,-0.31959999999999983
168.2,-0.31959999999999983
168.25,-0.31959999999999983
168.3,-0.31959999999999983
168.35,-0.31959999999999983
168.4,-0.31959999999999983
168.45,-0.31959999999999983
168.5,-0.31959999999999983
168.55,-0.31959999999999983
168.6,-0.31959999999999983
168.65,-0.31959999999999983
168.7,-0.31959999999999983
168.75,-0.31959999999999983
168.8,-0.31959999999999983
168.85,-0.31959999999999983
168.9,-0.31959999999999983
168.95,-0.31959999999999983
169.0,-0.31959999999999983
169.05,-0.31959999999999983
169.1,-0.31959999999999983
169.15,-0.31959999999999983
169.2,-0.31959999999999983
169.25,-0.31959999999999983
169.3,-0.31959999999999983
169.35,-0.31959999999999983
169.4,-0.31959999999999983
169.45,-0.31959999999999983
169.5,-0.31959999999999983
169.55,-0.31959999999999983
169.6,-0.31959999999999983
169.65,-0.31959999999999983
169.7,-0.31959999999999983
169.75,-0.31959999999999983
169.8,-0.31959999999999983
169.85,-0.31959999999999983
169.9,-0.31959999999999983
169.95,-0.31959999999999983
170.0,-0.31959999999999983
170.05,-0.31959999999999983
170.1,-0.31959999999999983
170.15,-0.31959999999999983
170.2,-0.31959999999999983
170.25,-0.31959999999999983
170.3,-0.31959999999999983
170.35,-0.31959999999999983
170.4,-0.31959999999999983
170.45,-0.31959999999999983
170.5,-0.31959999999999983
170.55,-0.31959999999999983
170.6,-0.31959999999999983
170.65,-0.31959999999999983
170.7,-0.31959999999999983
170.75,-0.31959999999999983
170.8,-0.31959999999999983
170.85,-0.31959999999999983
170.9,-0.31959999999999983
170.95,-0.31959999999999983
171.0,-0.31959999999999983
171.05,-0.31959999999999983
171.1,-0.31959999999999983
171.15,-0.31959999999999983
171.2,-0.31959999999999983
171.25,-0.31959999999999983
171.3,-0.31959999999999983
171.35,-0.31959999999999983
171.4,-0.31959999999999983
171.45,-0.31959999999999983
171.5,-0.31959999999999983
171.55,-0.31959999999999983
171.6,-0.31959999999999983
171.65,-0.31959999999999983
171.7,-0.31959999999999983
171.75,-0.31959999999999983
171.8,-0.31959999999999983
171.85,-0.31959999999999983
171.9,-0.31959999999999983
171.95,-0.31959999999999983
172.0,-0.31959999999999983
172.05,-0.31959999999999983
172.1,-0.31959999999999983
172.15,-0.31959999999999983
172.2,-0.31959999999999983
172.25,-0.31959999999999983
172.3,-0.31959999999999983
172.35,-0.31959999999999983
172.4,-0.31959999999999983
172.45,-0.31959999999999983
172.5,-0.31959999999999983
172.55,-0.31959999999999983
172.6,-0.31959999999999983
172.65,-0.31959999999999983
172.7,-0.31959999999999983
172.75,-0.31959999999999983
172.8,-0.31959999999999983
172.85,-0.31959999999999983
172.9,-0.31959999999999983
172.95,-0.31959999999999983
173.0,-0.31959999999999983
173.05,-0.31959999999999983
173.1,-0.31959999999999983
173.15,-0.31959999999999983
173.2,-0.31959999999999983
173.25,-0.31959999999999983
173.3,-0.31959999999999983
173.35,-0.31959999999999983
173.4,-0.31959999999999983
173.45,-0.31959999999999983
173.5,-0.31959999999999983
173.55,-0.31959999999999983
173.6,-0.31959999999999983
173.65,-0.31959999999999983
173.7,-0.31959999999999983
173.75,-0.31959999999999983
173.8,-0.31959999999999983
173.85,-0.31959999999999983
173.9,-0.31959999999999983
173.95,-0.31959999999999983
174.0,-0.31959999999999983
174.05,-0.31959999999999983
174.1,-0.31959999999999983
174.15,-0.31959999999999983
174.2,-0.31959999999999983
174.25,-0.31959999999999983
174.3,-0.31959999999999983
174.35,-0.31959999999999983
174.4,-0.31959999999999983
174.45,-0.31959999999999983
174.5,-0.31959999999999983
174.55,-0.31959999999999983
174.6,-0.31959999999999983
174.65,-0.31959999999999983
174.7,-0.31959999999999983
174.75,-0.31959999999999983
174.8,-0.31959999999999983
174.85,-0.31959999999999983
174.9,-0.31959999999999983
174.95,-0.31959999999999983
175.0,-0.31959999999999983
175.05,-0.31959999999999983
175.1,-0.31959999999999983
175.15,-0.31959999999999983
175.2,-0.31959999999999983
175.25,-0.31959999999999983
175.3,-0.31959999999999983
175.35,-0.31959999999999983
175.4,-0.31959999999999983
175.45,-0.31959999999999983
175.5,-0.31959999999999983
175.55,-0.31959999999999983
175.6,-0.31959999999999983
175.65,-0.31959999999999983
175.7,-0.31959999999999983
175.75,-0.31959999999999983
175.8,-0.31959999999999983
175.85,-0.31959999999999983
175.9,-0.31959999999999983
175.95,-0.31959999999999983
176.0,-0.31959999999999983
176.05,-0.31959999999999983
176.1,-0.31959999999999983
176.15,-0.31959999999999983
176.2,-0.31959999999999983
176.25,-0.31959999999999983
176.3,-0.31959999999999983
176.35,-0.31959999999999983
176.4,-0.31959999999999983
176.45,-0.31959999999999983
176.5,-0.31959999999999983
176.55,-0.31959999999999983
176.6,-0.31959999999999983
176.65,-0.31959999999999983
176.7,-0.31959999999999983
176.75,-0.31959999999999983
176.8,-0.31959999999999983
176.85,-0.31959999999999983
176.9,-0.31959999999999983
176.95,-0.31959999999999983
177.0,-0.31959999999999983
177.05,-0.31959999999999983
177.1,-0.31959999999999983
177.15,-0.31959999999999983
177.2,-0.31959999999999983
177.25,-0.31959999999999983
177.3,-0.31959999999999983
177.35,-0.31959999999999983
177.4,-0.31959999999999983
177.45,-0.31959999999999983
177.5,-0.31959999999999983
177.55,-0.31959999999999983
177.6,-0.31959999999999983
177.65,-0.31959999999999983
177.7,-0.31959999999999983
177.75,-0.31959999999999983
177.8,-0.31959999999999983
177.85,-0.31959999999999983
177.9,-0.31959999999999983
177.95,-0.31959999999999983
178.0,-0.31959999999999983
178.05,-0.31959999999999983
178.1,-0.31959999999999983
178.15,-0.31959999999999983
178.2,-0.31959999999999983
178.25,-0.31959999999999983
178.3,-0.31959999999999983
178.35,-0.31959999999999983
178.4,-0.31959999999999983
178.45,-0.31959999999999983
178.5,-0.31959999999999983
178.55,-0.31959999999999983
178.6,-0.31959999999999983
178.65,-0.31959999999999983
178.7,-0.31959999999999983
178.75,-0.31959999999999983
178.8,-0.31959999999999983
178.85,-0.31959999999999983
178.9,-0.31959999999999983
178.95,-0.31959999999999983
179.0,-0.31959999999999983
179.05,-0.31959999999999983
179.1,-0.31959999999999983
179.15,-0.31959999999999983
179.2,-0.31959999999999983
179.25,-0.31959999999999983
179.3,-0.31959999999999983
179.35,-0.31959999999999983
179.4,-0.31959999999999983
179.45,-0.31959999999999983
179.5,-0.31959999999999983
179.55,-0.31959999999999983
179.6,-0.31959999999999983
179.65,-0.31959999999999983
179.7,-0.31959999999999983
179.75,-0.31959999999999983
179.8,-0.31959999999999983
179.85,-0.31959999999999983
179.9,-0.31959999999999983
179.95,-0.31959999999999983
180.0,-0.31959999999999983
180.05,-0.31959999999999983
180.1,-0.31959999999999983
180.15,-0.31959999999999983
180.2,-0.31959999999999983
180.25,-0.31959999999999983
180.3,-0.31959999999999983
180.35,-0.31959999999999983
180.4,-0.31959999999999983
180.45,-0.31959999999999983
180.5,-0.31959999999999983
180.55,-0.31959999999999983
180.6,-0.31959999999999983
180.65,-0.31959999999999983
180.7,-0.31959999999999983
180.75,-0.31959999999999983
180.8,-0.31959999999999983
180.85,-0.31959999999999983
180.9,-0.31959999999999983
180.95,-0.31959999999999983
181.0,-0.31959999999999983
181.05,-0.31959999999999983
181.1,-0.31959999999999983
181.15,-0.31959999999999983
181.2,-0.31959999999999983
181.25,-0.31959999999999983
181.3,-0.31959999999999983
181.35,-0.31959999999999983
181.4,-0.31959999999999983
181.45,-0.31959999999999983
181.5,-0.31959999999999983
181.55,-0.31959999999999983
181.6,-0.31959999999999983
181.65,-0.31959999999999983
181.7,-0.31959999999999983
181.75,-0.31959999999999983
181.8,-0.31959999999999983
181.85,-0.31959999999999983
181.9,-0.31959999999999983
181.95,-0.31959999999999983
182.0,-0.31959999999999983
182.05,-0.31959999999999983
182.1,-0.31959999999999983
182.15,-0.31959999999999983
182.2,-0.31959999999999983
182.25,-0.31959999999999983
182.3,-0.31959999999999983
182.35,-0.31959999999999983
182.4,-0.31959999999999983
182.45,-0.31959999999999983
182.5,-0.31959999999999983
182.55,-0.31959999999999983
182.6,-0.31959999999999983
182.65,-0.31959999999999983
182.7,-0.31959999999999983
182.75,-0.31959999999999983
182.8,-0.31959999999999983
182.85,-0.31959999999999983
182.9,-0.31959999999999983
182.95,-0.31959999999999983
183.0,-0.31959999999999983
183.05,-0.31959999999999983
183.1,-0.31959999999999983
183.15,-0.31959999999999983
183.2,-0.31959999999999983
183.25,-0.31959999999999983
183.3,-0.31959999999999983
183.35,-0.31959999999999983
183.4,-0.31959999999999983
183.45,-0.31959999999999983
183.5,-0.31959999999999983
183.55,-0.31959999999999983
183.6,-0.31959999999999983
183.65,-0.31959999999999983
183.7,-0.31959999999999983
183.75,-0.31959999999999983
183.8,-0.31959999999999983
183.85,-0.31959999999999983
183.9,-0.31959999999999983
183.95,-0.31959999999999983
184.0,-0.31959999999999983
184.05,-0.31959999999999983
184.1,-0.31959999999999983
184.15,-0.31959999999999983
184.2,-0.31959999999999983
184.25,-0.31959999999999983
184.3,-0.31959999999999983
184.35,-0.31959999999999983
184.4,-0.31959999999999983
184.45,-0.31959999999999983
184.5,-0.31959999999999983
184.55,-0.31959999999999983
184.6,-0.31959999999999983
184.65,-0.31959999999999983
184.7,-0.31959999999999983
184.75,-0.31959999999999983
184.8,-0.31959999999999983
184.85,-0.31959999999999983
184.9,-0.31959999999999983
184.95,-0.31959999999999983
185.0,-0.31959999999999983
185.05,-0.31959999999999983
185.1,-0.31959999999999983
185.15,-0.31959999999999983
185.2,-0.31959999999999983
185.25,-0.31959999999999983
185.3,-0.31959999999999983
185.35,-0.31959999999999983
185.4,-0.31959999999999983
185.45,-0.31959999999999983
185.5,-0.31959999999999983
185.55,-0.31959999999999983
185.6,-0.31959999999999983
185.65,-0.31959999999999983
185.7,-0.3149655689643298
185.75,-0.30287195080195584
185.8,-0.28569300714205853
185.85,-0.26779032104260003
185.9,-0.2525306011297121
185.95,-0.24075283469793488
186.0,-0.23070100497875687
186.05,-0.2191270683964124
186.1,-0.20296271924163287
186.15,-0.18064572242634575
186.2,-0.1529050454600493
186.25,-0.12287200638716426
186.3,-0.095040457354833
186.35,-0.07348942954217427
186.4,-0.0602721052552586
186.45,-0.054358261208901325
186.5,-0.05207770325555818
186.55,-0.04911185313967842
186.6,-0.04287027822483238
186.65,-0.0339874599155311
186.7,-0.02567994373283622
186.75,-0.02161628424104384
186.8,-0.02398811730345152
186.85,-0.03266186583096772
186.9,-0.04564531429950264
186.95,-0.06024476937867655
187.0,-0.07360244893482112
187.05,-0.08270864980577629
187.1,-0.08490162282607758
187.15,-0.0787145394800967
187.2,-0.06457420494804614
187.25,-0.04472753252232483
187.3,-0.021861701951409677
187.35,0.0021757733411908457
187.4,0.026634360129093915
187.45,0.051818197904736595
187.5,0.07896819512519007
187.55,0.10955196820512637
187.6,0.1442342662936477
187.65,0.18232771616595464
187.7,0.22168899560269786
187.75,0.25933759117477795
187.8,0.2928760813356541
187.85,0.3218524192850701
187.9,0.34790073035794933
187.95,0.3735690715542536
188.0,0.40060120632526425
188.05,0.4288635215332296
188.1,0.45695247167698155
188.15,0.4835163910570186
188.2,0.5083593013838473
188.25,0.5327406389222855
188.3,0.558546946269887
188.35,0.5873572626511103
188.4,0.6196984286623607
188.45,0.6544520974677114
188.5,0.6889245934553384
188.55,0.7196152653874375
188.6,0.7432382072979543
188.65,0.7579368610342927
188.7,0.7638395561542876
188.75,0.7628954602131357
188.8,0.7586650327847673
188.85,0.7552911415041216
188.9,0.7561229587048689
188.95,0.7630621428193348
189.0,0.7763078357243819
189.05,0.7944057047745658
189.1,0.8146332024677055
189.15,0.8337592223092467
189.2,0.8491587755179634
189.25,0.8598039391707835
189.3,0.866671767106871
189.35,0.8723308693466121
189.4,0.8799406836138902
189.45,0.8919129818643776
189.5,0.9089986695217441
189.55,0.9304059953357554
189.6,0.9544313666550146
189.65,0.9789635941682467
189.7,1.0017646470120811
189.75,1.0207226704350691
189.8,1.03457216909802
189.85,1.0437545652164961
189.9,1.0506262839299814
189.95,1.0585132308655343
190.0,1.070006728665868
190.05,1.085699298630381
190.1,1.1040789433105642
190.15,1.1224298298914919
190.2,1.1380724781948264
190.25,1.1492958058683294
190.3,1.1555845166644092
190.35,1.1575168012804349
190.4,1.1565922795591455
190.45,1.155044325083604
190.5,1.1555130702076437
190.55,1.1601585862028339
190.6,1.1696692253645362
190.65,1.182857196730539
190.7,1.1971781929415264
190.75,1.2099366641326859
190.8,1.2193407757256827
190.85,1.2250817245570718
190.9,1.2283383393344454
190.95,1.231127922121585
191.0,1.235520986752627
191.05,1.2433094032546774
191.1,1.2556873483043278
191.15,1.27263035300408
191.2,1.292682093002241
191.25,1.3136003116543447
191.3,1.3334403575377822
191.35,1.3513010125132505
191.4,1.3673739878647269
191.45,1.3825179497485194
191.5,1.3978976396358522
191.55,1.4146768654801027
191.6,1.4334332546720503
191.65,1.4536362255753947
191.7,1.4737234440006093
191.75,1.4918947945790115
191.8,1.5069830436071865
191.85,1.5188922012826624
191.9,1.5284776990137239
191.95,1.5370079950156361
192.0,1.545687439354685
192.05,1.5553297537109088
192.1,1.5660274181811598
192.15,1.5769041423544246
192.2,1.586176209373452
192.25,1.591702336722859
192.3,1.5919142254322443
192.35,1.5865329259348098
192.4,1.5766695708785023
192.45,1.5643726754526375
192.5,1.5518752112080172
192.55,1.5411850185299445
192.6,1.53394509414244
192.65,1.5309298349737122
192.7,1.531407878953002
192.75,1.5330436225668116
192.8,1.5327784022590583
192.85,1.5281236520103947
192.9,1.5184310481798287
192.95,1.5057788820837499
193.0,1.4945373485272682
193.05,1.4895623290544577
193.1,1.4941358313121735
193.15,1.5087769870345904
193.2,1.5310710429642918
193.25,1.5564492059629516
193.3,1.5799291700540334
193.35,1.5980240191008903
193.4,1.6099746526900325
193.45,1.6179512970943561
193.5,1.625963002491809
193.55,1.6379605913684725
193.6,1.6561427543612273
193.65,1.6799586853118542
193.7,1.706353359371219
193.75,1.7312030991765865
193.8,1.7511378650689136
193.85,1.7650528837819257
193.9,1.774522743565058
193.95,1.7826980471024423
194.0,1.7924126060225847
194.05,1.8045874947574505
194.1,1.8178182984354936
194.15,1.8294598992515059
194.2,1.8373884581856021
194.25,1.8410759073472167
194.3,1.841776077319705
194.35,1.8422648830570472
194.4,1.8459132795788706
194.45,1.8550152139389164
194.5,1.8689951555717041
194.55,1.8838607922751727
194.6,1.893841013039481
194.65,1.8943888208818354
194.7,1.8845954867620607
194.75,1.8676076670267023
194.8,1.8491122857847564
194.85,1.8350083772231736
194.9,1.8291835885103018
194.95,1.8321271432801947
195.0,1.841122963375699
195.05,1.851834669745858
195.1,1.860501199296823
195.15,1.8658734173684708
195.2,1.8699044000209564
195.25,1.876730300110578
195.3,1.8904761888359125
195.35,1.9131995767537824
195.4,1.944145582975835
195.45,1.980214082089115
195.5,2.016850969522985
195.55,2.049476543833397
195.6,2.0753602248753076
195.65,2.0946760568026437
195.7,2.1099388534074284
195.75,2.1242293871110767
195.8,2.1391581784390894
195.85,2.154117605891959
195.9,2.1672854289581296
195.95,2.177266115230639
196.0,2.184338594545559
196.05,2.1905004962957437
196.1,2.19848119163172
196.15,2.2106576122195185
196.2,2.2280200089502156
196.25,2.2494541572089535
196.3,2.2718327218794587
196.35,2.2910395947615765
196.4,2.303927245294852
196.45,2.3101839642714768
196.5,2.3127515392060602
196.55,2.31643685154448
196.6,2.325519983188907
196.65,2.341835070764639
196.7,2.3640400734969873
196.75,2.3882107629009433
196.8,2.4095379677459894
196.85,2.4241465543986567
196.9,2.4306330929435003
196.95,2.430875812455513
197.0,2.4292946467305483
197.05,2.4308996816743322
197.1,2.439070097341806
197.15,2.4539262387239664
197.2,2.472299228876748
197.25,2.489434301351947
197.3,2.501537088537512
197.35,2.507879383912786
197.4,2.511111150288899
197.45,2.515759568927119
197.5,2.52592399300284
197.55,2.542951660404279
197.6,2.564403585133498
197.65,2.5854101150173325
197.7,2.601502448849495
197.75,2.610880781200792
197.8,2.61502038228943
197.85,2.6175110939174138
197.9,2.6219928289112517
197.95,2.630634528506116
198.0,2.6436808818473945
198.05,2.6600008455149036
198.1,2.6779327761985985
198.15,2.6959083010906557
198.2,2.7129671628112764
198.25,2.7292004878162954
198.3,2.745916830669524
198.35,2.7652192693960123
198.4,2.7891668728663235
198.45,2.81890921763658
198.5,2.854154171748783
198.55,2.8930690707732705
198.6,2.932622555790109
198.65,2.9693868052168066
198.7,3.00069953368989
198.75,3.0257347229023486
198.8,3.04590872435953
198.85,3.0642608114158545
198.9,3.0839875175882856
198.95,3.106907960936213
199.0,3.1325294862643673
199.05,3.1582491974782454
199.1,3.1807046060027613
199.15,3.197262431629682
199.2,3.206979790350183
199.25,3.2107157641568467
199.3,3.210320815707452
199.35,3.207627580789552
199.4,3.2038828258259873
199.45,3.199597340465507
199.5,3.1947051840231113
199.55,3.1889970210302296
199.6,3.1825334959964264
199.65,3.175808508578305
199.7,3.1696651609475337
199.75,3.1650817846541037
199.8,3.162842483317513
199.85,3.163214627283252
199.9,3.1659569485766053
199.95,3.1707251414185897
200.0,3.177472244984809
