time,x_t,phi_shaft,q_b0_m0,q_b0_m1,q_b0_m2,q_b1_m0,q_b1_m1,q_b1_m2,q_b2_m0,q_b2_m1,q_b2_m2
0.0,0.0,0.0,0.0,0.0,0.0,0.0,0.0,0.0,0.0,0.0,0.0
0.1,1.2558103905862674,0.0,0.0,0.0,0.0,0.0,0.0,0.0,0.0,0.0,0.0
0.2,2.506664671286085,0.0,0.0,0.0,0.0,0.0,0.0,0.0,0.0,0.0,0.0
0.30000000000000004,3.7476262917144925,0.0,0.0,0.0,0.0,0.0,0.0,0.0,0.0,0.0,0.0
0.4,4.973797743297096,0.0,0.0,0.0,0.0,0.0,0.0,0.0,0.0,0.0,0.0
0.5,6.180339887498948,0.0,0.0,0.0,0.0,0.0,0.0,0.0,0.0,0.0,0.0
0.6000000000000001,7.362491053693559,0.0,0.0,0.0,0.0,0.0,0.0,0.0,0.0,0.0,0.0
0.7000000000000001,8.515585831301454,0.0,0.0,0.0,0.0,0.0,0.0,0.0,0.0,0.0,0.0
0.8,9.635073482034306,0.0,0.0,0.0,0.0,0.0,0.0,0.0,0.0,0.0,0.0
0.9,10.716535899579933,0.0,0.0,0.0,0.0,0.0,0.0,0.0,0.0,0.0,0.0
1.0,11.755705045849464,0.0,0.0,0.0,0.0,0.0,0.0,0.0,0.0,0.0,0.0
1.1,12.748479794973795,0.0,0.0,0.0,0.0,0.0,0.0,0.0,0.0,0.0,0.0
1.2000000000000002,13.690942118573775,0.0,0.0,0.0,0.0,0.0,0.0,0.0,0.0,0.0,0.0
1.3,14.579372548428232,0.0,0.0,0.0,0.0,0.0,0.0,0.0,0.0,0.0,0.0
1.4000000000000001,15.410264855515784,0.0,0.0,0.0,0.0,0.0,0.0,0.0,0.0,0.0,0.0
1.5,16.18033988749895,0.0,0.0,0.0,0.0,0.0,0.0,0.0,0.0,0.0,0.0
1.6,16.886558510040302,0.0,0.0,0.0,0.0,0.0,0.0,0.0,0.0,0.0,0.0
1.7000000000000002,17.526133600877273,0.0,0.0,0.0,0.0,0.0,0.0,0.0,0.0,0.0,0.0
1.8,18.096541049320393,0.0,0.0,0.0,0.0,0.0,0.0,0.0,0.0,0.0,0.0
1.9000000000000001,18.59552971776503,0.0,0.0,0.0,0.0,0.0,0.0,0.0,0.0,0.0,0.0
2.0,19.02113032590307,0.0,0.0,0.0,0.0,0.0,0.0,0.0,0.0,0.0,0.0
2.1,19.37166322257262,0.0,0.0,0.0,0.0,0.0,0.0,0.0,0.0,0.0,0.0
2.2,19.645745014573773,0.0,0.0,0.0,0.0,0.0,0.0,0.0,0.0,0.0,0.0
2.3000000000000003,19.842294026289558,0.0,0.0,0.0,0.0,0.0,0.0,0.0,0.0,0.0,0.0
2.4000000000000004,19.960534568565432,0.0,0.0,0.0,0.0,0.0,0.0,0.0,0.0,0.0,0.0
2.5,20.0,0.0,0.0,0.0,0.0,0.0,0.0,0.0,0.0,0.0,0.0
2.6,19.960534568565432,0.0,0.0,0.0,0.0,0.0,0.0,0.0,0.0,0.0,0.0
2.7,19.842294026289554,0.0,0.0,0.0,0.0,0.0,0.0,0.0,0.0,0.0,0.0
2.8000000000000003,19.645745014573773,0.0,0.0,0.0,0.0,0.0,0.0,0.0,0.0,0.0,0.0
2.9000000000000004,19.37166322257262,0.0,0.0,0.0,0.0,0.0,0.0,0.0,0.0,0.0,0.0
3.0,19.02113032590307,0.0,0.0,0.0,0.0,0.0,0.0,0.0,0.0,0.0,0.0
3.1,18.59552971776503,0.0,0.0,0.0,0.0,0.0,0.0,0.0,0.0,0.0,0.0
3.2,18.09654104932039,0.0,0.0,0.0,0.0,0.0,0.0,0.0,0.0,0.0,0.0
3.3000000000000003,17.52613360087727,0.0,0.0,0.0,0.0,0.0,0.0,0.0,0.0,0.0,0.0
3.4000000000000004,16.8865585100403,0.0,0.0,0.0,0.0,0.0,0.0,0.0,0.0,0.0,0.0
3.5,16.18033988749895,0.0,0.0,0.0,0.0,0.0,0.0,0.0,0.0,0.0,0.0
3.6,15.410264855515784,0.0,0.0,0.0,0.0,0.0,0.0,0.0,0.0,0.0,0.0
3.7,14.579372548428228,0.0,0.0,0.0,0.0,0.0,0.0,0.0,0.0,0.0,0.0
3.8000000000000003,13.69094211857377,0.0,0.0,0.0,0.0,0.0,0.0,0.0,0.0,0.0,0.0
3.9000000000000004,12.74847979497379,0.0,0.0,0.0,0.0,0.0,0.0,0.0,0.0,0.0,0.0
4.0,11.755705045849465,0.0,0.0,0.0,0.0,0.0,0.0,0.0,0.0,0.0,0.0
4.1000000000000005,10.716535899579933,0.0,0.0,0.0,0.0,0.0,0.0,0.0,0.0,0.0,0.0
4.2,9.635073482034304,0.0,0.0,0.0,0.0,0.0,0.0,0.0,0.0,0.0,0.0
4.3,8.51558583130145,0.0,0.0,0.0,0.0,0.0,0.0,0.0,0.0,0.0,0.0
4.4,7.362491053693555,0.0,0.0,0.0,0.0,0.0,0.0,0.0,0.0,0.0,0.0
4.5,6.180339887498942,0.0,0.0,0.0,0.0,0.0,0.0,0.0,0.0,0.0,0.0
4.6000000000000005,4.973797743297096,0.0,0.0,0.0,0.0,0.0,0.0,0.0,0.0,0.0,0.0
4.7,3.7476262917144916,0.0,0.0,0.0,0.0,0.0,0.0,0.0,0.0,0.0,0.0
4.800000000000001,2.5066646712860816,0.0,0.0,0.0,0.0,0.0,0.0,0.0,0.0,0.0,0.0
4.9,1.2558103905862628,0.0,0.0,0.0,0.0,0.0,0.0,0.0,0.0,0.0,0.0
5.0,-6.432490598706546e-15,0.0,0.0,0.0,0.0,0.0,0.0,0.0,0.0,0.0,0.0
5.1000000000000005,-1.255810390586267,0.0,0.0,0.0,0.0,0.0,0.0,0.0,0.0,0.0,0.0
5.2,-2.5066646712860856,0.0,0.0,0.0,0.0,0.0,0.0,0.0,0.0,0.0,0.0
5.300000000000001,-3.7476262917144956,0.0,0.0,0.0,0.0,0.0,0.0,0.0,0.0,0.0,0.0
5.4,-4.973797743297101,0.0,0.0,0.0,0.0,0.0,0.0,0.0,0.0,0.0,0.0
5.5,-6.180339887498954,0.0,0.0,0.0,0.0,0.0,0.0,0.0,0.0,0.0,0.0
5.6000000000000005,-7.362491053693566,0.0,0.0,0.0,0.0,0.0,0.0,0.0,0.0,0.0,0.0
5.7,-8.515585831301454,0.0,0.0,0.0,0.0,0.0,0.0,0.0,0.0,0.0,0.0
5.800000000000001,-9.635073482034308,0.0,0.0,0.0,0.0,0.0,0.0,0.0,0.0,0.0,0.0
5.9,-10.716535899579934,0.0,0.0,0.0,0.0,0.0,0.0,0.0,0.0,0.0,0.0
6.0,-11.755705045849467,0.0,0.0,0.0,0.0,0.0,0.0,0.0,0.0,0.0,0.0
6.1000000000000005,-12.7484797949738,0.0,0.0,0.0,0.0,0.0,0.0,0.0,0.0,0.0,0.0
6.2,-13.690942118573775,0.0,0.0,0.0,0.0,0.0,0.0,0.0,0.0,0.0,0.0
6.300000000000001,-14.579372548428232,0.0,0.0,0.0,0.0,0.0,0.0,0.0,0.0,0.0,0.0
6.4,-15.410264855515788,0.0,0.0,0.0,0.0,0.0,0.0,0.0,0.0,0.0,0.0
6.5,-16.180339887498945,0.0,0.0,0.0,0.0,0.0,0.0,0.0,0.0,0.0,0.0
6.6000000000000005,-16.886558510040306,0.0,0.0,0.0,0.0,0.0,0.0,0.0,0.0,0.0,0.0
6.7,-17.526133600877273,0.0,0.0,0.0,0.0,0.0,0.0,0.0,0.0,0.0,0.0
6.800000000000001,-18.096541049320397,0.0,0.0,0.0,0.0,0.0,0.0,0.0,0.0,0.0,0.0
6.9,-18.59552971776503,0.0,0.0,0.0,0.0,0.0,0.0,0.0,0.0,0.0,0.0
7.0,-19.02113032590307,0.0,0.0,0.0,0.0,0.0,0.0,0.0,0.0,0.0,0.0
7.1000000000000005,-19.371663222572625,0.0,0.0,0.0,0.0,0.0,0.0,0.0,0.0,0.0,0.0
7.2,-19.645745014573773,0.0,0.0,0.0,0.0,0.0,0.0,0.0,0.0,0.0,0.0
7.300000000000001,-19.842294026289558,0.0,0.0,0.0,0.0,0.0,0.0,0.0,0.0,0.0,0.0
7.4,-19.960534568565432,0.0,0.0,0.0,0.0,0.0,0.0,0.0,0.0,0.0,0.0
7.5,-20.0,0.0,0.0,0.0,0.0,0.0,0.0,0.0,0.0,0.0,0.0
7.6000000000000005,-19.960534568565432,0.0,0.0,0.0,0.0,0.0,0.0,0.0,0.0,0.0,0.0
7.7,-19.842294026289558,0.0,0.0,0.0,0.0,0.0,0.0,0.0,0.0,0.0,0.0
7.800000000000001,-19.645745014573773,0.0,0.0,0.0,0.0,0.0,0.0,0.0,0.0,0.0,0.0
7.9,-19.37166322257262,0.0,0.0,0.0,0.0,0.0,0.0,0.0,0.0,0.0,0.0
8.0,-19.021130325903073,0.0,0.0,0.0,0.0,0.0,0.0,0.0,0.0,0.0,0.0
8.1,-18.595529717765025,0.0,0.0,0.0,0.0,0.0,0.0,0.0,0.0,0.0,0.0
8.200000000000001,-18.096541049320393,0.0,0.0,0.0,0.0,0.0,0.0,0.0,0.0,0.0,0.0
8.3,-17.526133600877266,0.0,0.0,0.0,0.0,0.0,0.0,0.0,0.0,0.0,0.0
8.4,-16.8865585100403,0.0,0.0,0.0,0.0,0.0,0.0,0.0,0.0,0.0,0.0
8.5,-16.18033988749894,0.0,0.0,0.0,0.0,0.0,0.0,0.0,0.0,0.0,0.0
8.6,-15.41026485551578,0.0,0.0,0.0,0.0,0.0,0.0,0.0,0.0,0.0,0.0
8.700000000000001,-14.579372548428232,0.0,0.0,0.0,0.0,0.0,0.0,0.0,0.0,0.0,0.0
8.8,-13.690942118573766,0.0,0.0,0.0,0.0,0.0,0.0,0.0,0.0,0.0,0.0
8.9,-12.748479794973793,0.0,0.0,0.0,0.0,0.0,0.0,0.0,0.0,0.0,0.0
9.0,-11.755705045849451,0.0,0.0,0.0,0.0,0.0,0.0,0.0,0.0,0.0,0.0
9.1,-10.716535899579927,0.0,0.0,0.0,0.0,0.0,0.0,0.0,0.0,0.0,0.0
9.200000000000001,-9.635073482034306,0.0,0.0,0.0,0.0,0.0,0.0,0.0,0.0,0.0,0.0
9.3,-8.515585831301443,0.0,0.0,0.0,0.0,0.0,0.0,0.0,0.0,0.0,0.0
9.4,-7.3624910536935575,0.0,0.0,0.0,0.0,0.0,0.0,0.0,0.0,0.0,0.0
9.5,-6.180339887498936,0.0,0.0,0.0,0.0,0.0,0.0,0.0,0.0,0.0,0.0
9.600000000000001,-4.97379774329709,0.0,0.0,0.0,0.0,0.0,0.0,0.0,0.0,0.0,0.0
9.700000000000001,-3.747626291714494,0.0,0.0,0.0,0.0,0.0,0.0,0.0,0.0,0.0,0.0
9.8,-2.506664671286076,0.0,0.0,0.0,0.0,0.0,0.0,0.0,0.0,0.0,0.0
9.9,-1.2558103905862652,0.0,0.0,0.0,0.0,0.0,0.0,0.0,0.0,0.0,0.0
10.0,-4.898587196589413e-15,0.0,0.0,0.0,0.0,0.0,0.0,0.0,0.0,0.0,0.0
